acc_mean,acc_std,acc_min,acc_max,acc_range,acc_skewness,acc_kurtosis,peak_acc,time_to_peak,peak_time_ratio,zero_crossing_count,first_zero_crossing_time,jerk_mean,jerk_std,jerk_max,acc_impulse,pos_acc_ratio,pos_acc_mean,neg_acc_mean,dominant_freq,spectral_centroid,spectral_bandwidth,spectral_roll_off,curve_symmetry,first_half_energy,second_half_energy,energy_ratio,peak_width_ratio,rep_number_norm,phase_duration,original_peak_acc,file_name,rep_number
0.43707552000000005,0.173817856131554,0.018912,0.738618,0.719706,-0.2737319487448695,0.1670506028918548,0.738618,0.11299999999999955,0.21042830540037127,0,-1.0,-1.0924539606398533,3.08552099404097,9.189937499999992,0.23958855950000016,1.0,0.43707552000000005,0.0,0.0,3.171575388098315,5.022148627906623,7.1508379888268045,0.21096508147556028,3.8097082216750002,1.7214832106609999,0.6887681014623712,0.6592178770949696,0.1,0.5370000000000008,0.7386179840829848,farm12_results,1
0.3673397777777777,0.14470540058552508,-0.000959,0.589425,0.590384,-0.8201009043285625,0.05821517003684118,0.589425,0.2889999999999997,0.5644531250000009,1,0.4949999999999992,-0.017471850764407562,3.3623392046655156,9.462647058823832,0.1961263999999997,0.9629629629629629,0.38150511538461535,-0.000959,0.0,2.2527539678095736,4.595919030150836,5.642361111111126,0.8259904522587526,1.7430504147289998,2.4656600482749997,0.4141530832427195,0.7695312500000022,0.2,0.5119999999999987,0.5894245599141217,farm12_results,2
0.2968018518518519,0.12965132983583422,-0.086692,0.445084,0.531776,-1.184432142941714,0.8250887378214231,0.445084,0.30600000000000094,0.5396825396825412,1,0.5380000000000003,-0.5504642726011697,2.00892029924052,5.449742857142835,0.17005642250000028,0.9629629629629629,0.31155161538461545,-0.086692,0.0,2.8076085613195323,4.909419418055435,8.491736886798613,0.7737753386358917,1.4974076030560002,1.3349141748979998,0.5286855521542085,0.7619047619047655,0.3,0.5670000000000002,0.44508429929946486,farm12_results,3
0.27153485714285713,0.11983616563549455,0.038602,0.419306,0.38070400000000004,-0.43180492530593323,-1.208061517290689,0.419306,0.15499999999999758,0.32978723404254884,0,-1.0,-0.6660292445045821,1.997432575613375,4.3945554723706035,0.14083426149999986,1.0,0.27153485714285713,0.0,0.0,2.6163490786683883,4.730009614322105,6.079027355623115,0.6783037105628033,1.24874279341,0.6011867965840001,0.6750217955127957,0.787234042553188,0.4,0.46999999999999886,0.41930550003791417,farm12_results,4
0.27345142307692305,0.13158145789795678,0.042919,0.476786,0.433867,-0.35178745682357476,-1.0089734706632085,0.476786,0.2029999999999994,0.358657243816254,0,-1.0,0.22091712784797976,2.3033624521345857,5.579534191176317,0.16290206200000001,1.0,0.27345142307692305,0.0,0.0,1.6328025886168291,3.5162961655685456,3.397662408263121,0.9666861572747575,1.23867597826,1.155647403719,0.51733863002089,0.6607773851590096,0.5,0.565999999999999,0.47678607533882617,farm12_results,5
0.2443520333333333,0.08991909968131849,-0.009345,0.390431,0.39977599999999996,-1.037372318447521,0.6370120120704343,0.390431,0.32100000000000506,0.5202593192868764,1,0.6010000000000062,-0.207403685193481,2.220777229905402,6.0930624999979655,0.15836938750000026,0.9666666666666667,0.2531002068965517,-0.009345,0.0,2.114711879529062,4.3027839815231,4.70016207455426,0.9346044283534577,1.2037111978769999,0.8300896225720001,0.591853039773707,0.7666126418152278,0.6,0.6170000000000044,0.3904308984586147,farm12_results,6
0.31591624999999995,0.14800071191615094,0.030207,0.510892,0.48068500000000003,-0.39296149358190513,-1.1921955348595048,0.510892,0.277000000000001,0.5110701107011141,0,-1.0,-0.09815776993942202,2.0855763996133256,3.752108400178673,0.17523441799999925,1.0,0.31591624999999995,0.0,0.0,1.9051743866636088,4.15706263256161,3.5582498682130037,0.9625088146106261,1.7762672779399997,1.6315367788290003,0.5212351556456889,0.6199261992619962,0.7,0.5419999999999945,0.5108916982416435,farm12_results,7
0.4081454,0.20186327349352085,0.009611,0.684998,0.675387,-0.6349598478845034,-0.9916163882989109,0.684998,0.11500000000000021,0.2220077220077229,0,-1.0,-0.008571890097084811,3.9633575742228575,11.53818627450897,0.22155202249999992,1.0,0.4081454,0.0,0.0,2.0900969231574704,4.114567927326121,3.7065637065637143,0.7896941429672535,3.183165680497,2.00012053767,0.6141211475724148,0.6698841698841704,0.1,0.5179999999999989,0.6849984085722197,farm13_results,1
0.26333321428571427,0.1333483776357888,0.046612,0.437023,0.390411,-0.18936806621729976,-1.447761135596638,0.437023,0.2889999999999997,0.511504424778761,0,-1.0,0.34357984885147064,1.7575326723848954,4.530636363636679,0.15297819650000008,1.0,0.26333321428571427,0.0,0.0,1.2569576675379264,3.048481973655346,1.7067003792667526,0.9688861114255628,1.2407852795599998,1.198747524236,0.5086159438517465,0.6123893805309741,0.2,0.5649999999999995,0.4370233713543091,farm13_results,2
0.5126539523809525,0.2274096441127199,0.033428,0.794779,0.761351,-0.6947669187735945,-0.7800726126087425,0.794779,0.16799999999999926,0.43298969072164767,0,-1.0,-0.6560085626088868,5.621062803754551,15.118999999999987,0.20971957849999956,1.0,0.5126539523809525,0.0,0.0,2.257995566207141,4.231784407104756,4.909180166912127,0.8591020390238989,4.2272161776649995,2.3778974660079997,0.6399914378027737,0.6469072164948441,0.3,0.3879999999999999,0.794779387079298,farm13_results,3
0.25017273076923074,0.11143210389172056,0.021772,0.416686,0.394914,-0.4374846875951839,-0.9149956241967847,0.416686,0.33699999999999974,0.5470779220779219,0,-1.0,-0.19461108432560983,2.2986361993649993,6.053374999999322,0.1554440365,1.0,0.25017273076923074,0.0,0.0,2.0401982290552962,4.208697732818063,4.682817182817185,0.8375380010864891,1.122693039004,0.8273981949510001,0.5757130843191652,0.6996753246753266,0.4,0.6159999999999997,0.41668587895045023,farm13_results,4
0.31182148275862065,0.14229241230300485,0.044537,0.496456,0.451919,-0.6043780034184231,-0.9470972170061094,0.496456,0.2900000000000027,0.5206463195691231,0,-1.0,-0.12332179646720974,2.117231728655088,4.032468482905653,0.17344738350000016,1.0,0.31182148275862065,0.0,0.0,2.1505613974758133,4.488179028941772,3.466848263480455,0.9173898768362128,1.1732945015640002,2.233618761991,0.3443863728833843,0.6391382405745004,0.5,0.5570000000000022,0.49645606752821364,farm13_results,5
0.13884833333333332,0.0495225462330786,0.034221,0.246172,0.211951,-0.19028725680095523,-0.2605341581606595,0.246172,0.15200000000000102,0.23384615384615592,0,-1.0,-0.01793428406911179,1.4813747394768362,3.6895032679735316,0.08875347299999987,1.0,0.13884833333333332,0.0,0.0,2.2864955566680316,4.0735831568723135,5.925925925925939,0.6828176576819519,0.272894082342,0.313852158539,0.46509728282579077,0.5661538461538451,0.6,0.6499999999999986,0.24617231919420712,farm13_results,6
0.37714563999999995,0.2106328263905472,-0.014397,0.779665,0.794062,-0.19301791677173202,-0.6723200500100432,0.779665,0.08799999999999963,0.18843683083511714,1,0.4509999999999996,-0.46203512779053185,5.107634171646964,18.038972023642092,0.18618760699999998,0.96,0.39345991666666663,-0.014397,0.0,3.04770499309564,4.740026411072261,8.222698072805146,0.7665878579220388,3.1326499419669998,1.5324755911399999,0.6715038898172236,0.603854389721628,0.1,0.46699999999999964,0.7796649984074899,farm14_results,1
0.32524995833333337,0.12246119783849874,0.03066,0.448034,0.41737399999999997,-1.108040999196284,-0.09000603727788725,0.448034,0.26700000000000124,0.5505154639175269,0,-1.0,0.056677551822054806,3.848667219269961,12.535941176469676,0.15970768999999996,1.0,0.32524995833333337,0.0,0.0,2.0275512812103678,3.6662878835400057,3.951890034364251,0.5220656588876226,1.69130930965,1.2075134192749999,0.5834469603035042,0.7958762886597902,0.2,0.4850000000000012,0.44803408457962457,farm14_results,2
0.33180934615384616,0.19155074821148618,-0.079112,0.56634,0.6454519999999999,-0.43476799967067686,-1.100909907927481,0.56634,0.13699999999999868,0.2718253968253944,1,0.48299999999999876,-0.1830489477292712,3.69763695845024,8.431112410873602,0.18020461049999997,0.9615384615384616,0.3482462,-0.079112,0.0,2.494128759405127,4.9797589508292655,3.815628815628819,0.6934270160664813,2.858669767377,0.9578476473439999,0.7490257364870372,0.6111111111111113,0.3,0.5039999999999996,0.5663402111385384,farm14_results,3
0.3062626666666667,0.15126647249310712,0.018802,0.49923,0.480428,-0.5052693025420094,-1.1559632963249356,0.49923,0.1869999999999976,0.4146341463414609,0,-1.0,0.2534549663840203,3.1575502147042607,8.786105042017029,0.15412614949999956,1.0,0.3062626666666667,0.0,0.0,2.4710984529762476,4.548798282670194,6.335128286347841,0.7727135817396423,1.397119687862,1.053126012718,0.5701957511980478,0.6097560975609766,0.4,0.45099999999999696,0.49922958185766064,farm14_results,4
0.30129623809523814,0.19133812269828826,0.006915,0.584308,0.577393,-0.18847720629162165,-1.4704530075983955,0.584308,0.2049999999999983,0.3972868217054244,0,-1.0,-0.2747959685122398,2.379557957128657,4.512262023064803,0.16313219250000008,1.0,0.30129623809523814,0.0,0.0,1.9754436816161158,3.811232276716499,3.691399040236262,0.9675862173596408,1.109748129283,1.5654355767660002,0.41483062519171654,0.5271317829457421,0.5,0.5159999999999982,0.5843080301590612,farm14_results,5
0.31088973913043483,0.1330092515459038,0.035705,0.493444,0.457739,-0.8530217382130281,-0.3334868591068325,0.493444,0.1729999999999947,0.35020242914978705,0,-1.0,0.3342663838567789,3.053825312643168,9.419775846700093,0.16588840550000022,1.0,0.31088973913043483,0.0,0.0,2.175523920904697,4.0877939171494875,5.808836472452035,0.9392344231170069,1.408795955194,1.221113535354,0.5356822963897689,0.7894736842105134,0.6,0.4939999999999998,0.49344432950618583,farm14_results,6
0.5940961818181818,0.3567652381356218,-0.020885,1.124014,1.1448990000000001,-0.2537272032619796,-1.311079179550402,1.124014,0.10299999999999976,0.24582338902147913,1,0.3999999999999999,-0.5558462895643826,6.017394492082185,13.925439327485398,0.25545256500000013,0.9545454545454546,0.623381,-0.020885,0.0,2.717129198826652,4.8074491252443305,4.556302885658494,0.4667058711086233,8.039678414506,2.525419170138,0.7609658453312718,0.5083532219570407,0.1,0.41900000000000004,1.1240141142686721,farm15_results,1
0.4461099090909091,0.2248872266961435,0.006936,0.75793,0.7509939999999999,-0.6043631034375991,-0.9246756142987818,0.75793,0.18399999999999928,0.39913232104121443,0,-1.0,0.312418813716104,4.550066491756805,13.894098412697863,0.1983766890000002,1.0,0.4461099090909091,0.0,0.0,2.0786351159649175,4.066027427387085,4.141195030565976,0.9494005732564998,3.45110551582,2.039837430024,0.6285087187861026,0.5596529284164896,0.2,0.4609999999999985,0.7579299610938414,farm15_results,2
0.37705979999999995,0.21453710112929184,-0.011109,0.595365,0.6064740000000001,-0.5564453880070118,-1.3543118169413775,0.595365,0.2350000000000012,0.4690618762475063,1,0.48300000000000054,-0.5860244492263647,2.906587471840586,6.265351087344115,0.2036778619999999,0.95,0.39748973684210526,-0.011109,0.0,2.4169890652774266,4.334069109207101,5.688622754491004,0.7007150340532688,2.5859701130259998,1.1780350977139997,0.6870261777659975,0.6566866267465067,0.3,0.5010000000000012,0.5953651751124697,farm15_results,3
0.388378,0.2524535871878235,-0.055889,0.823258,0.879147,0.0009668026348140744,-1.0283769534529656,0.823258,0.13799999999999812,0.2845360824742233,1,0.4190000000000005,0.005781551344231726,4.475924176917971,14.40161893048158,0.18751900000000005,0.9565217391304348,0.40857195454545453,-0.055889,0.0,2.7392441274847674,4.561656009243261,5.916629314208881,0.8650072310653255,2.889065242707,2.0460513023569997,0.5854097297046779,0.46804123711340323,0.4,0.48499999999999943,0.8232583590860593,farm15_results,4
0.37552399999999997,0.21618174274226615,-0.006108,0.659974,0.666082,-0.46287322762398064,-1.284101389732512,0.659974,0.0990000000000002,0.1980000000000004,1,0.4839999999999982,-0.7579230882353324,2.4365024627611485,6.237356486718879,0.1946533404999991,0.9583333333333334,0.39211669565217383,-0.006108,0.0,3.071139270155013,5.0755691692780776,7.666666666666667,0.7356395499079376,3.019959917224,1.486107774082,0.6701985243254792,0.5339999999999989,0.5,0.5,0.6599744154482322,farm15_results,5
0.33379820833333335,0.18493226874790744,-0.025015,0.57643,0.601445,-0.638824993088435,-1.0720778859148437,0.57643,0.23799999999999955,0.44485981308411415,1,0.5180000000000007,-0.20878174364838778,3.6945983122483708,12.814441399285368,0.18685848899999996,0.9583333333333334,0.34939878260869567,-0.025015,0.0,2.631466812917854,4.589228984984966,5.373831775700969,0.8259919429374843,2.162540886701,1.332367623158,0.6187689550672233,0.6429906542056005,0.6,0.5349999999999966,0.5046284764616403,farm15_results,6
0.34442645833333335,0.1863828648159435,0.004974,0.580701,0.575727,-0.5565390826464023,-1.1735407024919684,0.580701,0.1840000000000046,0.3518164435946529,0,-1.0,-0.03470220010538799,3.414656858421911,8.89527329768441,0.18790519950000087,1.0,0.34442645833333335,0.0,0.0,2.425004345000766,4.6003913233364635,3.664754620777542,0.9229267099942131,2.133558353783,1.5472774261459998,0.5796396474455469,0.6500956022944575,0.7,0.5230000000000032,0.5807012411793313,farm15_results,7
0.2900534166666667,0.13974291181693757,0.031906,0.557044,0.525138,0.18362776926268531,-0.731544731854044,0.557044,0.18299999999999983,0.314432989690721,0,-1.0,0.39039768871111374,3.5205983553359204,7.257798748434022,0.1806649024999996,1.0,0.2900534166666667,0.0,0.0,2.7988022750811195,4.787980168154124,6.586483390607093,0.6714904111848606,1.8744876105619999,0.6133299715919999,0.7534666625110965,0.512027491408925,0.8,0.5820000000000007,0.47563687847188757,farm15_results,8
0.36105399999999993,0.2553220351748869,-0.155383,0.914807,1.07019,0.46191972183642405,-0.13006314284178933,0.914807,0.09100000000000019,0.1636690647482019,1,0.496,-0.7534587761062199,4.50062808128369,13.053591322751371,0.1999714109999999,0.9615384615384616,0.38171147999999994,-0.155383,0.0,3.0539695164412817,4.715492773349991,6.917542888765914,0.4695488518896814,4.376943513039,0.707339133569,0.8608772991720072,0.35071942446043164,0.1,0.5559999999999996,0.9148066225251253,farm16_results,1
0.3509142173913044,0.17541168632749954,0.019565,0.567816,0.548251,-0.507916448697066,-1.1313881789562663,0.567816,0.238999999999999,0.48676171079429564,0,-1.0,-0.3848995063006722,3.5544165700889017,8.249224541429744,0.18034885799999975,1.0,0.3509142173913044,0.0,0.0,1.9488121954764828,3.766932156486172,3.8962188966616518,0.7881384818776551,2.3815840218930004,1.158347074462,0.6727769431289982,0.6191446028513248,0.2,0.49099999999999966,0.5678160773377398,farm16_results,2
0.3510700909090909,0.19402333638623545,-0.020551,0.619821,0.6403719999999999,-0.46313694905752106,-1.0205621827757894,0.619821,0.08300000000000018,0.16600000000000037,1,0.48299999999999876,-0.04988689922110416,4.761155920086442,11.545705882353307,0.20932408700000016,0.9545454545454546,0.36876633333333336,-0.020551,0.0,2.5470075857793804,4.615360840802986,5.727272727272728,0.656355334960392,2.446863099765,1.0928327036889998,0.6912636666058636,0.7380000000000031,0.3,0.5,0.6198214975248494,farm16_results,3
0.37052,0.22253265970520753,-0.08681,0.661708,0.748518,-0.39212953352675434,-0.9572641063430987,0.661708,0.08999999999999986,0.20930232558139517,1,0.3930000000000007,0.23603972887775337,5.070772706150278,12.376124665774686,0.17266254350000035,0.9473684210526315,0.3959272222222222,-0.08681,0.0,2.1275174080004366,3.8418272295390645,4.4063647490820115,0.9696599500335793,2.2860100753859998,1.2633011702880002,0.6440714598282281,0.5813953488372097,0.4,0.4299999999999997,0.661708303175711,farm16_results,4
0.41985431578947374,0.23134720115605978,-0.19257,0.778373,0.970943,-0.8180620659350721,0.6674438267986282,0.778373,0.0519999999999996,0.12713936430317785,1,0.33899999999999864,0.8031869760222143,7.77766781401424,21.26260127005778,0.1576915090000002,0.9473684210526315,0.4538778888888889,-0.19257,0.0,3.36668097959653,5.031004740066492,6.948912623857952,0.7139711250087896,2.973524590688,1.3926597147380002,0.6810350600621012,0.5819070904645481,0.5,0.4089999999999989,0.7783733630700957,farm16_results,5
0.1689378571428572,0.09049816813683274,0.029008,0.367204,0.338196,0.5121265415667086,-0.6137753069523888,0.367204,0.06900000000000261,0.11876075731497805,0,-1.0,-0.12327768691750521,2.058861631946082,3.40827734778168,0.0906469609999997,1.0,0.1689378571428572,0.0,0.0,3.1489625576940674,5.298577569239538,9.958200147528839,0.7942341271685914,0.8034201653870001,0.225017538953,0.7812045027098603,0.8571428571428484,0.6,0.5810000000000031,0.36720369494056443,farm16_results,6
0.325134625,0.19181517439415313,-0.011434,0.571311,0.5827450000000001,-0.3947413348624575,-1.184817642296642,0.571311,0.0870000000000033,0.20763723150358934,1,0.38300000000000267,0.36632830950495077,4.383476966696644,11.309941176468584,0.12763298250000013,0.9375,0.3475725333333333,-0.011434,0.0,1.9125973963456457,3.3598486702496224,4.474940334128911,0.7064518627495198,1.682214716018,0.59787465201,0.7377845533628846,0.4582338902148009,0.7,0.41899999999999693,0.5713105445686363,farm16_results,7
0.4240528636363637,0.2120694819820093,0.012144,0.686332,0.674188,-0.6597682934660142,-0.9537340941319212,0.686332,0.10799999999999965,0.22314049586776788,0,-1.0,-0.19761671596653654,3.959038876210692,10.19654545454534,0.20579042999999997,1.0,0.4240528636363637,0.0,0.0,2.0756878843544357,3.982821820466624,3.944402704733284,0.5639255012399373,3.5618504137539997,1.3836241058649998,0.7202241968134547,0.5764462809917353,0.1,0.484,0.6863320612548028,farm17_results,1
0.3700291666666667,0.17456599777440113,-0.027158,0.563411,0.590569,-0.8158729737555936,-0.5984155201642203,0.563411,0.1509999999999998,0.3226495726495722,1,0.43599999999999994,0.33229598903012275,5.058266764669326,17.469533333332674,0.17940705649999966,0.9583333333333334,0.3872981739130436,-0.027158,0.0,2.268552620222851,4.198372936299845,6.1431623931623935,0.7498051865892617,2.744100735559,1.273376186753,0.6830408210484031,0.7222222222222205,0.2,0.46799999999999997,0.5634105975140267,farm17_results,2
0.3166097619047618,0.1441196648859831,0.012108,0.494176,0.482068,-0.5862142998637877,-0.7869408490885736,0.494176,0.17400000000000126,0.3807439824945317,0,-1.0,-0.8725124167033569,3.0101980401379356,8.54663999999988,0.15428085100000008,1.0,0.3166097619047618,0.0,0.0,3.1943721587733362,5.138021887928359,8.335938314056463,0.5358222583385248,1.832369534938,0.7088870670070001,0.7210486078169203,0.6761487964989032,0.3,0.45700000000000074,0.49417552660537206,farm17_results,3
0.2892430952380952,0.19801934952781639,-0.021141,0.611383,0.632524,0.36351505767194164,-1.205604167763018,0.611383,0.18299999999999983,0.34724857685009386,1,0.5100000000000016,-0.9072469612631253,2.00075024463752,2.858307589035361,0.18773164299999953,0.9523809523809523,0.3047623,-0.021141,0.0,3.161821048672226,4.7346388218245545,7.228697930785203,0.06253933661703531,2.1690639681849997,0.41127388135199994,0.8406123905728871,0.518026565464894,0.4,0.527000000000001,0.6113827734586755,farm17_results,4
0.38280109523809525,0.14194560115759464,0.014374,0.546598,0.532224,-1.0123784404999876,0.29043577267442355,0.546598,0.2029999999999994,0.43008474576271266,0,-1.0,0.3852996553533601,3.3855206121253896,8.283423908200165,0.17983023749999982,1.0,0.38280109523809525,0.0,0.0,1.9062245362541599,3.9114397629330337,4.0355125100888,0.9399845029833142,1.959797760572,1.5405921157009999,0.5598798504864471,0.7161016949152597,0.5,0.47199999999999775,0.546597615542552,farm17_results,5
0.31869203999999995,0.12372475491524887,0.052038,0.506158,0.45411999999999997,-0.8330947140464786,-0.1136853533347959,0.506158,0.17999999999999972,0.3415559772296003,0,-1.0,-0.0676561673156025,2.269235545479617,5.444720956178292,0.1724756635000001,1.0,0.31869203999999995,0.0,0.0,2.113112903203649,4.11685592668677,3.643263757115743,0.7245570282775274,1.8308158432199997,1.0909949402349999,0.6266031508909301,0.7305502846299758,0.6,0.527000000000001,0.5061584800595348,farm17_results,6
0.24736466666666668,0.10321795123574948,0.02426,0.372687,0.348427,-0.6384294428115266,-0.8710665760494907,0.372687,0.10299999999999443,0.1936090225563818,0,-1.0,-0.05983552877685031,2.037065143236112,7.2690322580647955,0.13890916099999917,1.0,0.24736466666666668,0.0,0.0,2.4968693112642613,4.624389607554719,5.404135338345901,0.5222813661137871,1.2518677868490002,0.472369583689,0.7260414419961155,0.7161654135338398,0.7,0.5319999999999965,0.37268739808424534,farm17_results,7
0.39969665,0.14348783349443778,0.006864,0.577044,0.57018,-1.3899263666390744,1.0238020500045435,0.577044,0.0,0.0,0,-1.0,-1.7144245957317268,2.208547723827292,1.8881447192513434,0.144418032,1.0,0.39969665,0.0,0.0,4.607047804498585,7.354894934283125,12.942779291553135,-0.19902763651050032,2.43553888782,1.171384519823,0.6752399794958609,0.7547683923705726,0.1,0.367,0.5770444676295405,farm18_results,1
0.34280604000000003,0.14248427237066694,0.049593,0.496302,0.446709,-0.701272438558397,-0.7449945999115193,0.496302,0.15399999999999991,0.3248945147679322,0,-1.0,0.24656187621624903,3.0260286485670256,8.566029411764976,0.16794469199999998,1.0,0.34280604000000003,0.0,0.0,2.1433982890603263,4.222039956080475,4.050632911392404,0.8772043988090331,1.81654855331,1.628895170027,0.5272321068563635,0.7573839662447254,0.2,0.4740000000000002,0.49630248692775036,farm18_results,2
0.36481051999999997,0.1967264166013543,0.021412,0.613584,0.592172,-0.35695065594820924,-1.3456451736364572,0.613584,0.06299999999999883,0.1340425531914872,0,-1.0,-0.6757171772453696,2.756571382965354,7.480681717964515,0.18111255550000008,1.0,0.36481051999999997,0.0,0.0,3.498066843538218,5.856929009999651,8.170212765957466,0.5339761369574579,3.138259738661,1.1564402236259996,0.7307285179917025,0.5787234042553211,0.3,0.46999999999999886,0.6135843758295975,farm18_results,3
0.2659900769230769,0.1154720690426654,-0.055777,0.44105,0.496827,-0.9482217859129092,0.49252669588530695,0.44105,0.14099999999999824,0.2635514018691555,1,0.4889999999999972,-0.5399334291379787,1.4333834560893406,3.310953703704019,0.13559860649999944,0.9615384615384616,0.27886076,-0.055777,0.0,3.6164420440226728,6.155270700213079,8.986340762041694,0.7259736030772238,1.4949508504370002,0.691246663077,0.6838132607854266,0.6560747663551383,0.4,0.5350000000000001,0.44104999644943055,farm18_results,4
0.45913953333333335,0.18616526189163815,0.023125,0.730305,0.70718,-0.56900152752206,0.08218554392243416,0.730305,0.08599999999999941,0.22933333333333175,0,-1.0,-0.47999672327121057,4.905999068659022,13.556479166666655,0.1787125224999999,1.0,0.45913953333333335,0.0,0.0,3.0748377203737536,4.818351328219612,7.466666666666667,0.35354372920853544,2.341031828345,1.3409674087260002,0.6358045392229009,0.7413333333333322,0.1,0.375,0.7303054300661833,farm19_results,1
0.2637245555555555,0.15891118373069704,-0.139597,0.39507,0.534667,-1.6705147935922968,1.7375732649710338,0.39507,0.02800000000000047,0.0665083135391936,1,0.3200000000000003,-0.007700940376965547,1.6239440601349124,1.82305882352947,0.10360418100000009,0.8888888888888888,0.31413975,-0.139597,0.0,2.217870575871927,2.9277286613823925,6.334125098970714,-0.9068503728678948,0.48332292973499996,0.369907719924,0.5664622220593735,0.5201900237529685,0.2,0.4209999999999994,0.39506980191143376,farm19_results,2
0.24056407142857142,0.14761984489291805,-0.019696,0.439013,0.458709,-0.34218238380793586,-1.2043573097026228,0.439013,0.254999999999999,0.4497354497354478,1,0.532,-0.6390439850820834,2.246984540317413,2.3544954128440754,0.1430568440000005,0.9285714285714286,0.2605840769230769,-0.019696,0.0,1.3966313390791285,2.2984012212356384,3.2753842277651795,0.7818722170384779,0.855965356805,0.25931231815399997,0.7674908016395712,0.5978835978836016,0.3,0.5670000000000002,0.43901327354375785,farm19_results,3
0.21395153846153844,0.12803416844169455,0.033099,0.44877,0.415671,0.37506837974562696,-0.9454886579087409,0.44877,0.08999999999999986,0.14634146341463344,0,-1.0,0.12773998740911122,2.131661733299929,4.723739726027372,0.15053339650000036,1.0,0.21395153846153844,0.0,0.0,1.5837252711308651,2.2480716525248394,4.5028142589118065,0.18719477681971117,0.640569606767,0.16761451151499995,0.7926035568834153,0.21951219512195305,0.4,0.615000000000002,0.44876970156106694,farm19_results,4
0.2747547777777778,0.1350313085175087,0.034381,0.443585,0.409204,-0.5231353108654619,-0.9211462947824121,0.443585,0.017000000000003013,0.055194805194815004,0,-1.0,-0.38456761578650667,1.6220364171789783,2.3855882352936955,0.09222046600000047,1.0,0.2747547777777778,0.0,0.0,2.130461934052856,3.2770932740390153,5.772005772005775,-0.48830890719042946,0.6174648283899999,0.22604795133499997,0.7320159732390829,0.7727272727272717,0.5,0.30799999999999983,0.44358469359903074,farm19_results,5
0.282641,0.1370356888068551,0.003534,0.489514,0.48598,-0.6323494447112609,-0.8191828526887392,0.489514,0.0990000000000002,0.2032854209445589,0,-1.0,-0.137014247258775,3.0659765054045915,6.564352504638206,0.14669845950000007,1.0,0.282641,0.0,0.0,2.5566702165563258,4.850679307420736,5.923234876006948,0.7294496765291179,1.497756683639,1.0675259034429998,0.5838564106665118,0.6570841889117047,0.1,0.4870000000000001,0.48951406534613007,farm1_results,1
0.3482468421052632,0.2224641306553446,0.004719,0.698578,0.693859,-0.12229163417003269,-1.2069660030556584,0.698578,0.3049999999999997,0.6063618290258442,0,-1.0,-0.4952307479495401,3.841636291891205,9.63881261140838,0.19223663500000004,1.0,0.3482468421052632,0.0,0.0,2.0804829209205056,3.7546819012789374,5.650308674270168,0.8802080634678642,0.951812406138,2.2927444906880003,0.29335666977179964,0.7057654075546727,0.2,0.5030000000000001,0.698577503194893,farm1_results,2
0.38631447058823526,0.2235941372316519,-0.007563,0.81697,0.824533,0.10774769144223593,-0.6182757739229476,0.81697,0.03399999999999892,0.06896551724137732,1,0.4710000000000001,1.4742793623309867,8.429800283997578,27.734705882353822,0.1911947750000005,0.9411764705882353,0.4109318125,-0.007563,0.0,2.077260776186249,3.1584075325828636,5.727240186135322,0.26814632068382366,2.616674566304,0.7702899763300001,0.7725721758719815,0.32048681541582497,0.3,0.49299999999999855,0.8169702015220643,farm1_results,3
0.27921264,0.16341240647707994,-0.020392,0.497086,0.517478,-0.1844667839188856,-1.4998147831272606,0.497086,0.18599999999999994,0.3788187372708759,1,0.45700000000000074,-0.10995369341608394,3.2888069388223067,10.242170900179088,0.14434925499999982,0.96,0.2916961666666667,-0.020392,0.0,2.604069964972286,4.885157157321366,5.865580448065178,0.5147774965599029,1.893915765078,0.722667058082,0.7238126568417781,0.5763747454175182,0.4,0.49099999999999966,0.49708606472156125,farm1_results,4
0.32048244000000004,0.16499902756127502,-0.028153,0.495074,0.523227,-0.7741375146919542,-0.8725073497823099,0.495074,0.25799999999999557,0.5397489539748844,1,0.4579999999999984,-0.5490096470377966,2.6207267697141248,4.94938792688801,0.15800520799999995,0.96,0.3350089166666667,-0.028153,0.0,2.2166773127426964,4.585640753055459,4.0167364016736276,0.8948693724110458,1.65903082321,1.5893110129030001,0.5107315999707758,0.6401673640167289,0.5,0.47800000000000153,0.49507413658016586,farm1_results,5
0.33998266666666666,0.18838105206136316,0.019672,0.56061,0.540938,-0.6143646504930335,-1.2049893038136423,0.56061,0.2079999999999984,0.411067193675886,0,-1.0,0.33116394988530284,2.6828196430554345,7.069572186126857,0.17345334700000006,1.0,0.33998266666666666,0.0,0.0,1.9661784204364874,3.795750005085,3.7643515904385456,0.8957283489842832,1.51900377672,1.6535845458799998,0.4787900673715983,0.5592885375494093,0.6,0.5060000000000002,0.5606097083169262,farm1_results,6
0.44286514285714285,0.19005242083831345,-0.038998,0.753727,0.792725,-0.6175029411416613,0.3092119811407388,0.753727,0.06700000000000017,0.1650246305418721,1,0.3730000000000002,-0.7152025443213145,4.976399474938272,12.241235294117397,0.18298660349999998,0.9523809523809523,0.46695829999999994,-0.038998,0.0,2.6784563542288558,4.7890542082884915,7.037297677691757,0.4452061852857901,3.1493153733650003,1.727923232547,0.6457168959393379,0.7512315270935943,0.1,0.4060000000000006,0.7537272304421747,farm20_results,1
0.43584274999999995,0.19472415776901994,-0.031066,0.64272,0.673786,-0.9662491579816102,-0.1560591057814018,0.64272,0.20599999999999952,0.4079207920792078,1,0.47499999999999964,-0.1463559214980615,4.019523311253218,11.065411764706234,0.231148569,0.9583333333333334,0.4561431304347825,-0.031066,0.0,2.058396277864616,4.265114672213049,3.7953795379538025,0.9553771183316934,3.065351535045,2.403682073268999,0.5604923565262182,0.772277227722775,0.2,0.504999999999999,0.6427199966083146,farm20_results,2
0.26281688000000003,0.16484404578808906,-0.017862,0.497907,0.515769,-0.05984304550267388,-1.4215801907941936,0.497907,0.2190000000000012,0.40858208955224,1,0.5190000000000019,-0.09678925141008117,2.7755432045599293,6.9868075070030145,0.15678274050000032,0.96,0.27451183333333334,-0.017862,0.0,1.8929309304974715,3.788312006125359,3.582089552238797,0.883019591634002,1.08531419894,1.3208425971780002,0.4510571383756053,0.5522388059701466,0.3,0.5360000000000014,0.49790679854972386,farm20_results,3
0.2732812307692307,0.16680719064105756,0.019409,0.545889,0.52648,0.03234283166304036,-1.385731660605127,0.545889,0.1269999999999989,0.2300724637681141,0,-1.0,-0.62218655122486,2.517660762781315,6.213123006531971,0.14976048999999966,1.0,0.2732812307692307,0.0,0.0,3.3604408108490103,5.207716277234742,6.967670011148277,0.5960658514308705,2.246951617972,0.4182374004759999,0.8430740192980575,0.5217391304347835,0.4,0.5519999999999996,0.5458887462356344,farm20_results,4
0.34257766666666667,0.18157909813063977,-0.001358,0.640734,0.642092,-0.05938264776045838,-1.0796193328906678,0.640734,0.05099999999999838,0.11486486486486146,1,0.4109999999999978,0.5550341666910142,6.492947579908528,21.804333333332508,0.16611169999999964,0.9523809523809523,0.35977444999999997,-0.001358,0.0,2.479750976773579,4.139185484387265,6.435006435006449,0.3242253823539851,2.494894216335,0.6620447417759999,0.7902890266297249,0.6261261261261245,0.5,0.44399999999999906,0.6407339143754142,farm20_results,5
0.36113523999999997,0.23641669241629787,0.008222,0.71314,0.704918,-0.21169004973707956,-1.4996065033674035,0.71314,0.1769999999999996,0.3320825515947452,0,-1.0,0.14013156349554862,4.661067672592981,15.000587021531539,0.203632531,1.0,0.36113523999999997,0.0,0.0,2.330656057337221,4.070559392906017,5.403377110694171,0.8768300740707609,2.4968329414249997,2.160954909148,0.5360555314080783,0.5628517823639708,0.6,0.5330000000000013,0.7131404632234876,farm20_results,6
0.2983766666666667,0.146436643839851,-0.02006,0.57328,0.59334,-0.24824681675515667,-0.27356782617779496,0.57328,0.04999999999999716,0.1054852320675053,1,0.4069999999999965,0.2601133036455176,3.263083994371485,10.097500000001114,0.13447800799999962,0.9523809523809523,0.3142985,-0.02006,0.0,3.2489787730516384,4.9261953249672334,8.036970062286574,-0.6674464825238987,1.6852386169790001,0.634680226295,0.7264213667925971,0.6392405063291127,0.7,0.47399999999999665,0.5732801220880187,farm20_results,7
0.33100973076923074,0.19237786535768964,-0.04873,0.567621,0.6163510000000001,-0.5958600758528344,-1.1374352784979023,0.567621,0.14100000000000534,0.2630597014925466,1,0.5190000000000055,0.01222376524219931,4.166621678422708,12.769951091800259,0.18714524250000034,0.9615384615384616,0.34619932,-0.04873,0.0,2.26395311464959,4.099874325094972,3.587830080367384,0.8467505881859823,2.2918577344549997,1.519136074076,0.6013805977130222,0.69962686567164,0.8,0.5360000000000014,0.5676207368481474,farm20_results,8
0.5293057,0.19220832607254557,0.006067,0.836455,0.8303879999999999,-0.6869205063265722,0.8684153071302512,0.836455,0.13199999999999967,0.29268292682926783,0,-1.0,-0.6208423483134595,4.177313624786983,9.194998902064114,0.22814966649999968,1.0,0.5293057,0.0,0.0,3.3920853917413414,5.43978508537954,8.42572062084258,0.22641201317546258,3.98207257566,2.3600987176220003,0.6278721263612109,0.6518847006651881,0.1,0.4509999999999996,0.8364547239914287,farm21_results,1
0.2892663888888889,0.19796017900188886,-0.083862,0.569908,0.65377,-0.5294316419567717,-1.1781292184318648,0.569908,0.15500000000000114,0.30273437500000194,1,0.47499999999999964,-1.0836409465083277,2.1886834299575546,3.6613605946684737,0.15901815649999987,0.9444444444444444,0.3112151176470588,-0.083862,0.0,2.948864576022554,4.239437468178317,7.378472222222215,0.8584986877549146,1.3286464709340002,0.882892500869,0.6007791351968784,0.5800781249999972,0.2,0.5120000000000005,0.5699079688486852,farm21_results,2
0.3971343076923076,0.15648720916832132,-0.061982,0.54775,0.6097319999999999,-1.8075117623884185,2.8907723974713173,0.54775,0.10500000000000043,0.25119617224880314,1,0.32700000000000173,-0.7107334446911417,1.5981449663159726,2.459628571428562,0.1557968770000009,0.9230769230769231,0.435394,-0.061982,0.0,2.400582822639996,3.8818326739697993,6.6249539933750015,0.5013025707398555,1.460890558079,0.9077602066549999,0.6167606385161041,0.6913875598086113,0.3,0.4180000000000028,0.5477499284214711,farm21_results,3
0.293102375,0.17050390852883512,-0.107169,0.545957,0.653126,-0.6745721061373084,-0.09481881254919067,0.545957,0.17299999999999827,0.4070588235294104,1,0.3549999999999969,-1.6950484221093303,1.9074896841004751,1.120550802138915,0.11985264749999938,0.9375,0.3197871333333333,-0.107169,0.0,3.1078962109400683,4.83169347781904,8.823529411764765,0.8009291419096429,1.445558573015,0.39413078785300004,0.7857623160537051,0.6094117647058789,0.4,0.42499999999999716,0.5459572965304312,farm21_results,4
0.24166407142857144,0.15691565938311497,-0.097825,0.437815,0.53564,-0.7321613408973479,-0.45248858424144744,0.437815,0.2700000000000031,0.5367793240556721,1,0.4860000000000042,-1.8127535965031996,3.0623273629203096,2.083361708143662,0.12231007900000194,0.9285714285714286,0.2677786153846154,-0.097825,0.0,2.378802339564846,3.3187384356383,5.538199375177506,0.5071196661929256,0.826046278347,0.33629038776,0.7106772955151339,0.38966202783301196,0.5,0.5030000000000001,0.43781480218947877,farm21_results,5
0.2947864,0.2141360664337981,-0.074747,0.631799,0.706546,-0.14422974926188437,-1.2753619015127415,0.631799,0.1739999999999995,0.33526011560693647,1,0.4680000000000035,0.18023800916904248,4.1532589762601395,11.794367094207477,0.15141499249999998,0.95,0.3142355263157895,-0.074747,0.0,2.025018771338285,3.4405563745260475,3.6608863198458694,0.8447506336584008,1.827839782593,0.827225748861,0.6884349033720518,0.39499036608864363,0.6,0.5189999999999984,0.6317985716072552,farm21_results,6
0.19373726666666663,0.153098016065729,-0.064794,0.444809,0.509603,0.16684349921562555,-1.1486804927039798,0.444809,0.13999999999999346,0.2687140115163055,1,0.47099999999999653,0.7169522797359047,2.5752831902242215,4.945404710559945,0.13446607049999978,0.9333333333333333,0.2122037857142857,-0.064794,0.0,2.193666712815946,3.0570337339349614,5.374280230326361,-0.08302747601580426,0.6931957941360001,0.221401171145,0.7579248788815116,0.5623800383877213,0.7,0.5209999999999937,0.44480934287781515,farm21_results,7
0.2557263529411764,0.11317165541514732,0.1193,0.532387,0.41308700000000004,1.046493603483511,0.08691941000399028,0.532387,0.0,0.0,0,-1.0,-0.953719008142497,2.1430237586178347,1.9174375000002102,0.09146546950000038,1.0,0.2557263529411764,0.0,0.0,3.3768121633431907,5.579793043027005,10.818120351588943,-0.1258734518856712,1.034578821521,0.294885628505,0.7781921671548021,0.39942528735633137,0.8,0.347999999999999,0.5323871807566737,farm21_results,8
0.351221619047619,0.1647346875177452,0.016804,0.698022,0.681218,0.2558566189545289,0.027073568438298334,0.698022,0.08299999999999841,0.21447028423772174,0,-1.0,0.6520975220032479,5.959221388303707,12.990137589125542,0.13633882099999886,1.0,0.351221619047619,0.0,0.0,3.1871103157037224,5.146287231426673,7.38279808047249,0.0925614018621061,1.865113506991,1.295263495127,0.5901553851774807,0.4677002583979255,0.9,0.38700000000000045,0.6980217421442303,farm21_results,9
0.4750633000000001,0.2728307523271708,0.016128,0.743541,0.727413,-0.5272151280218915,-1.418259500717778,0.743541,0.017000000000001236,0.08994708994709646,0,-1.0,-3.216926503751138,2.634953060591847,0.5205294117646678,0.08291403350000062,1.0,0.4750633000000001,0.0,0.0,4.423115185480335,6.687044073108482,9.523809523809522,-0.969208801323659,2.496038505167,0.5051790790560001,0.8316752901516842,0.4497354497354541,0.1,0.18900000000000006,0.743540939719399,farm22_results,1
0.1350574705882353,0.10753511164218035,-0.163828,0.28173,0.445558,-0.9861115350518781,1.0440743019834873,0.28173,0.37900000000000134,0.8834498834498824,1,0.4120000000000026,-1.7677066721023282,4.522961478740908,4.282864193405105,0.06147404600000016,0.9411764705882353,0.15373781250000002,-0.163828,0.0,4.274891586847946,5.081448437850091,8.775538187302852,0.08981767168461453,0.157726278269,0.34894717189,0.31129769720419265,0.5128205128205078,0.2,0.42900000000000205,0.23049841223004153,farm22_results,2
0.4615806666666667,0.08650728700584195,0.285608,0.571223,0.28561500000000006,-0.5984105982125635,-0.5046042778723092,0.571223,0.08299999999999841,0.40686274509803017,0,-1.0,0.5146505006617681,3.070195105424497,4.456253205127897,0.09653822950000035,1.0,0.4615806666666667,0.0,0.0,1.2623074629799966,3.388782868874572,4.35729847494552,0.9820935627205929,0.8349531600269999,1.149908842883,0.42066055917382555,0.8235294117647172,0.3,0.20400000000000063,0.5712227665668191,farm22_results,3
0.4831493333333333,0.15625950665266206,0.233894,0.658173,0.424279,-0.3382671844890724,-1.4503514129298039,0.658173,0.07499999999999929,0.34562211981566693,0,-1.0,1.60912841195464,3.9698854491772146,6.462238095237852,0.11031207199999954,1.0,0.4831493333333333,0.0,0.0,1.1682862809856338,2.518706011269111,4.096262160778313,0.7870051237198513,0.70794316422,1.612709641258,0.30506207673499025,0.6175115207373323,0.4,0.21699999999999875,0.658172714327367,farm22_results,4
0.2986661578947368,0.13381155911648887,0.035595,0.448121,0.412526,-0.5947111564133873,-0.9836564081677652,0.448121,0.09000000000000341,0.27027027027027606,0,-1.0,-0.34256167311856467,2.705551999614444,6.042473684208792,0.10503765200000033,1.0,0.2986661578947368,0.0,0.0,1.9279594496752717,4.00584586177099,2.8449502133712183,0.8186452842881781,1.3701604417420001,0.6648726955290001,0.673286550792681,0.687687687687674,0.5,0.3330000000000055,0.44812118127135636,farm22_results,5
0.31624599999999997,0.13117786218477728,-0.00982,0.47868,0.4885,-0.8302039809552012,-0.008486483805354439,0.47868,0.18500000000000227,0.5124653739612293,1,0.3269999999999982,-0.6089207217192311,2.416595594574361,2.448472479901206,0.11565398299999943,0.9473684210526315,0.33436077777777773,-0.00982,0.0,2.546085691008174,5.068626819214705,5.24857850998692,0.9825490216089695,1.170570817187,1.0565932996369998,0.5255880374259387,0.7119113573407201,0.6,0.3609999999999971,0.47867973658941343,farm22_results,6
0.271451,0.26169663039051533,-0.093006,0.653444,0.7464500000000001,-0.05117534829489817,-1.3761255417874643,0.653444,0.0,0.0,1,0.08899999999999864,-5.3008774989407845,2.1545733527777022,-1.7168823529408725,0.034545209500000146,0.75,0.3880721666666666,-0.0784125,0.0,6.720671492411873,7.8355478335498825,18.88489208633054,-0.9498176410791522,1.063761205521,0.073604968549,0.9352847216428033,0.38848920863310016,0.7,0.15000000000000568,0.6534439724197642,farm22_results,7
0.28509572,0.16053382578198777,-0.084921,0.57124,0.656161,-0.4426804106560958,-0.3115614637590469,0.57124,0.1200000000000001,0.17492711370262395,1,0.6700000000000004,-0.00759091983922378,4.22529311723495,12.523676470588306,0.21412738799999995,0.96,0.3005130833333333,-0.084921,0.0,2.1361377543451963,3.4756404829684437,4.198250728862971,0.7602432140260073,1.56986570356,1.106401266003,0.586587855925427,0.6151603498542266,0.1,0.6860000000000004,0.5712395389016827,farm23_results,1
0.30416440909090914,0.1794504667168021,-0.02799,0.532659,0.560649,-0.5257642071865065,-1.2969761385054135,0.532659,0.1379999999999999,0.2504537205081667,1,0.5309999999999988,0.5143077355398866,3.874023243406756,12.189937499999987,0.15931437049999986,0.9545454545454546,0.31998128571428575,-0.02799,0.0,2.1211802148269023,3.7309942112550543,3.464774789638673,0.7478842541003701,1.6451367720749999,1.0986692987,0.5995820147778607,0.5372050816696902,0.2,0.5510000000000002,0.5326588842340432,farm23_results,2
0.4653255999999999,0.2325938555201749,0.008574,0.7672,0.758626,-0.5465536275556522,-0.9365311299358798,0.7672,0.08600000000000207,0.21026894865526052,0,-1.0,-0.9016464220664302,2.465423570069648,5.170427812177742,0.18746174300000035,1.0,0.4653255999999999,0.0,0.0,3.3802919073440143,5.958726088416619,6.968215158924163,-0.14075439813597437,4.3321039000759995,1.0804524127459998,0.8003803839996126,0.6210268948655252,0.3,0.4090000000000025,0.7671995335624631,farm23_results,3
0.3835552857142857,0.16371926295880856,-0.024,0.517492,0.541492,-1.6470409740392797,1.2710359186015427,0.517492,0.06099999999999994,0.18263473053892218,1,0.31700000000000017,-0.28714714915328365,2.786563504519881,4.460249999999927,0.12369224699999938,0.9285714285714286,0.41490569230769225,-0.024,0.0,2.8899493947637755,4.6878191312247885,8.340461933276313,0.38374536595124065,1.460904703359,0.9739564563249999,0.5999950746877898,0.769461077844306,0.4,0.33399999999999963,0.5174917897637775,farm23_results,4
0.3187915,0.14792448185265006,0.013165,0.481689,0.468524,-0.9317965655262492,-0.3124769941765093,0.481689,0.2220000000000013,0.4058500914076776,0,-1.0,-0.32786284505073754,2.157900785475105,3.966999999999711,0.15894051250000135,1.0,0.3187915,0.0,0.0,1.6419445736990388,2.977183322363058,3.4277879341864455,0.8648828920820167,1.2374808781520001,0.7386738867059999,0.6262064592096467,0.5813528336380303,0.5,0.5470000000000041,0.48168890037541656,farm23_results,5
0.32291926086956524,0.16026133078715862,0.010235,0.511376,0.5011410000000001,-0.7977134229660224,-0.7715505796501954,0.511376,0.07399999999999807,0.14341085271317505,0,-1.0,0.30811693682829217,4.062433990064816,12.534218782253063,0.1763848579999993,1.0,0.32291926086956524,0.0,0.0,2.6188444850370782,4.459120661904428,5.561172901921152,0.7842869609807043,1.34593360487,1.643158888413,0.45028168512501443,0.734496124031006,0.6,0.5159999999999982,0.5113755123887962,farm23_results,6
0.47182094117647067,0.24863405397384153,-0.202485,0.787721,0.990206,-1.2093582622606756,0.8875340730829189,0.787721,0.08200000000000074,0.19617224880382986,1,0.3470000000000013,-0.5553630460829563,3.4257484989443916,6.707014880952105,0.18299039949999968,0.9411764705882353,0.5139650625000001,-0.202485,0.0,3.336062722627218,5.155234397795371,9.006473402758248,0.6832687588203137,3.270498299221,1.5648778873570002,0.6763689469082517,0.6531100478468819,0.7,0.41799999999999926,0.7877205710599785,farm23_results,7
0.34939171428571425,0.12851384906550986,0.109298,0.471027,0.36172899999999997,-0.8927457156079334,-0.8003411738830444,0.471027,0.10000000000000009,0.6578947368421053,0,-1.0,1.0861342771724105,3.3387858991598893,5.8133749999999935,0.054871490000000044,1.0,0.34939171428571425,0.0,0.0,2.3405754692604037,4.31291265552442,5.639097744360897,0.8877160264559418,0.21559000903199999,0.7545426468599999,0.22222734975741354,0.5526315789473685,0.1,0.15200000000000014,0.47102650697130505,farm24_results,1
0.28827005555555557,0.18157709332294103,-0.026915,0.518355,0.54527,-0.3109125697183129,-1.3124964374012447,0.518355,0.19899999999999984,0.5223097112860909,2,0.0,0.06532707553091505,3.8596870479792345,5.810071428571701,0.1273699074999999,0.8888888888888888,0.32639562499999997,-0.0167345,0.0,1.7580304298374243,3.3899933971946763,2.478856809565481,0.9807230425893664,1.0413281874609999,1.0479293960320002,0.4984202023189587,0.5931758530183774,0.2,0.38099999999999845,0.5183545131515496,farm24_results,2
0.11003611764705883,0.07244585568537486,-0.026175,0.2488,0.27497499999999997,0.12568793686061147,-0.6525904227831969,0.2488,0.07199999999999918,0.2360655737704893,1,0.0,-0.3282722857418,2.561911632046364,5.753970588235477,0.035224015500000004,0.9411764705882353,0.1185493125,-0.026175,0.0,4.8154566969769235,6.587167471868474,9.257473481195765,0.06722965501581989,0.22085161131300002,0.07420632496500001,0.7485025283472337,0.4393442622950835,0.3,0.3049999999999997,0.24880049287037492,farm24_results,3
0.37262457142857136,0.16312914969509557,0.081843,0.561147,0.47930399999999995,-0.5471098468720573,-0.9937771051583875,0.561147,0.16499999999999915,0.6653225806451549,0,-1.0,0.15399587921619146,3.0628845791601744,4.053062499999997,0.09683602250000052,1.0,0.37262457142857136,0.0,0.0,1.3676447045195474,2.4546677923094316,3.456221198156666,0.8947163672395548,0.23057150423,0.927649830758,0.1990737843146266,0.5887096774193554,0.4,0.2480000000000011,0.5611471604969097,farm24_results,4
0.3525988823529412,0.24340244093968721,-0.01139,0.723805,0.735195,0.10630822814103748,-1.3725770664110135,0.723805,0.16199999999999903,0.4628571428571382,1,0.3329999999999984,0.12164349000109255,4.846441173614904,8.794176470588516,0.13223347550000014,0.9411764705882353,0.3753481875,-0.01139,0.0,1.9148762693098715,3.736659338804364,2.68907563025209,0.9342543721525787,1.8539941499819999,1.266708091581,0.5940951768129692,0.46285714285714835,0.5,0.3500000000000014,0.7238046298707449,farm24_results,5
0.3415726,0.12829123220017805,0.035822,0.501483,0.465661,-1.0510784946298934,0.07569978430208346,0.501483,0.18500000000000005,0.38865546218487407,0,-1.0,0.2342105019603529,3.4042174089447608,11.38188235294124,0.16990525650000005,1.0,0.3415726,0.0,0.0,2.4070937019149414,4.680957002330644,6.0504201680672285,0.7899135893853176,1.9983725024480001,1.3298895308069998,0.6004252316917535,0.8151260504201688,0.1,0.476,0.5014833939757605,farm25_results,1
0.2970348928571429,0.13463192016736897,0.047394,0.443583,0.396189,-0.5055503104266024,-1.3099757256399427,0.443583,0.07000000000000028,0.1348747591522163,0,-1.0,0.15725329850541045,2.775276974723725,9.014965686274666,0.15594467349999985,1.0,0.2970348928571429,0.0,0.0,2.312129938095959,4.617334843570626,5.573905862923203,0.6564878468360158,1.9022940180810002,1.0756594639919999,0.6387923886429494,0.605009633911368,0.2,0.5190000000000001,0.44358308567421684,farm25_results,2
0.2684582903225806,0.15093915838641603,0.033114,0.617037,0.583923,0.29121057098460124,-0.6418933851482893,0.617037,0.13800000000000168,0.23000000000000226,0,-1.0,-0.1555195781924444,2.5663256401250045,6.198555637254986,0.16343287750000066,1.0,0.2684582903225806,0.0,0.0,2.5810126961265305,4.612059678691491,4.8387096774193425,0.45017772686556606,2.134267142049,0.806159836448,0.7258357910795428,0.4316666666666662,0.3,0.6000000000000014,0.6170373108057771,farm25_results,3
0.26189010344827585,0.12957266819509505,-0.038076,0.464857,0.5029330000000001,-0.4397273268815942,-0.7680085664732874,0.464857,0.22900000000000276,0.37418300653595105,1,0.5960000000000001,-0.1510870623240852,2.3204719505625877,3.68675388776186,0.16751657849999974,0.9655172413793104,0.2726031785714286,-0.038076,0.0,2.628134963252836,4.836601068387755,6.310570205093511,0.7603689449063806,1.734166306892,0.7417232693010001,0.7004215065029292,0.6339869281045701,0.4,0.6120000000000019,0.4648574286050637,farm25_results,4
0.38906536363636357,0.16804505491914024,-0.007032,0.612116,0.619148,-0.4408901635812211,-0.6907583495024485,0.612116,0.06799999999999962,0.14078674948240097,1,0.41300000000000026,0.1113123241827267,3.8332770022913976,14.220578947368326,0.17979768649999994,0.9545454545454546,0.4079271428571428,-0.007032,0.0,2.4996342614522415,4.523117235542981,5.928853754940716,0.6240878192578325,3.063192930992,0.888249017622,0.775208891039495,0.6521739130434777,0.1,0.48299999999999965,0.6121155916231332,farm26_results,1
0.30401391666666666,0.11978056771722081,0.020833,0.430512,0.409679,-1.1331756651909561,0.023164882618241567,0.430512,0.08300000000000018,0.16403162055335999,0,-1.0,-0.21167827907044953,2.5695961187232905,7.240666648477799,0.15702732549999995,1.0,0.30401391666666666,0.0,0.0,1.99841924307384,3.6100277114584345,5.68181818181818,0.569891423458437,1.5684340289960002,0.994090273316,0.6120660114641268,0.7628458498023732,0.2,0.5060000000000002,0.43051151681033717,farm26_results,2
0.22898343750000003,0.1492277190508556,0.020193,0.658471,0.638278,1.2050812297872506,1.7996164150366152,0.658471,0.10099999999999909,0.2861189801699693,0,-1.0,1.523091441094365,5.070852479082349,12.654988345864659,0.07340630399999991,1.0,0.22898343750000003,0.0,0.0,5.39629467451139,7.131834415733655,15.934844192634575,0.667238594214542,0.9748306129790001,0.22040661554000002,0.8155959249921437,0.14447592067988724,0.3,0.35299999999999976,0.6584706904554126,farm26_results,3
0.28379096551724137,0.14440063469639927,0.012675,0.465141,0.45246600000000003,-0.4594991830593699,-1.2600965481923616,0.465141,0.3099999999999987,0.5467372134038776,0,-1.0,-0.14139913668194454,2.1561008314033847,4.640313990461171,0.16763842849999988,1.0,0.28379096551724137,0.0,0.0,1.9452832250489882,4.107049119128104,3.405704555129841,0.9134926850660025,1.425245194845,1.515031612043,0.4847316387035971,0.6049382716049381,0.4,0.5670000000000002,0.46514132972547195,farm26_results,4
0.6364114193548386,0.36009114057906755,0.034551,1.146767,1.112216,-0.19529059378685104,-1.220466258018328,1.146767,0.384999999999998,0.5987558320373213,0,-1.0,-0.44047749382688367,3.6437981146737397,7.351220731707961,0.40084766800000016,1.0,0.6364114193548386,0.0,0.0,1.7863777846392026,3.955660380340685,1.5050418903326126,0.993590203457737,7.673404234108999,8.901834616363,0.4629438105436707,0.4883359253499218,0.5,0.6430000000000007,1.1467671090765885,farm26_results,5
0.25440745833333334,0.12155016655822234,-0.04335,0.396594,0.439944,-0.8657483759611909,-0.34558286519632375,0.396594,0.17199999999999704,0.3320463320463259,1,0.48499999999999943,0.17742478876764553,3.9146422147896054,12.962095847362024,0.13851518950000022,0.9583333333333334,0.26735343478260865,-0.04335,0.0,2.823535887368705,4.898429204443407,7.4002574002573915,0.7816361135104974,1.2395733928700003,0.6683689554330001,0.6496912204776659,0.7007722007721989,0.6,0.5180000000000007,0.39659406521536894,farm26_results,6
0.33007684375,0.17798827405234266,0.040988,0.566291,0.525303,-0.5098557430020385,-1.2420646166663027,0.566291,0.40099999999999625,0.6488673139158493,0,-1.0,-0.3085116563247438,2.1248714960808996,5.63612306595355,0.2095445210000004,1.0,0.33007684375,0.0,0.0,2.149911771252832,4.497042614033063,3.1351132686084036,0.8880733332728925,1.73800698603,2.762170565333,0.38620853648398773,0.6423948220064793,0.7,0.6180000000000021,0.566290707693297,farm26_results,7
0.3138125882352941,0.15148812796739466,-0.000738,0.501138,0.501876,-0.5177513457782512,-0.8399149668304751,0.501138,0.11599999999999966,0.4249084249084241,1,0.2560000000000002,-0.4117345602310137,3.4008485321222484,4.53858333333316,0.08999375000000004,0.9411764705882353,0.333472,-0.000738,0.0,2.5673264875183026,5.231514700759049,3.447532859297569,0.9810858351421399,1.145729870381,0.918529018269,0.5550320634105605,0.6923076923076933,0.1,0.2729999999999997,0.501138383820616,farm27_results,1
0.27970725,0.14879645644835598,-0.055459,0.432841,0.48829999999999996,-0.7835290419891223,-0.7610299974699943,0.432841,0.2370000000000001,0.575242718446601,1,0.370000000000001,0.3526413776852164,1.7582044522116167,2.790581105169362,0.10977341350000036,0.95,0.2973475789473684,-0.055459,0.0,2.861470847541713,4.742666969526175,6.917475728155326,0.7317677562196849,0.661531168119,1.3459994549640002,0.32952482044984943,0.49029126213592555,0.2,0.4120000000000008,0.43284132655824326,farm27_results,2
0.32916075,0.15069178780564818,-0.004323,0.502816,0.507139,-0.692275708775614,-0.5828430693326085,0.502816,0.16900000000000048,0.45552560646900125,1,0.3019999999999996,0.38814359205884197,2.8250586927086814,4.638285714284754,0.1218995024999998,0.9375,0.35139299999999996,-0.004323,0.0,2.781535735553093,5.016415134650771,7.5808625336926765,0.8026208875999726,0.696555308926,1.400321719116,0.3321870093528671,0.6415094339622591,0.3,0.3710000000000022,0.502816201125351,farm27_results,3
0.30602494736842106,0.18922732350757207,0.014444,0.593264,0.57882,0.22662019050768437,-1.3494369842144895,0.593264,0.17299999999999827,0.42610837438423343,0,-1.0,-0.6511013801346478,3.4020441041162615,4.534314705882467,0.12669181899999987,1.0,0.30602494736842106,0.0,0.0,2.0686890710160193,3.8027103765554253,4.666839512574554,0.7587749317984189,1.808601313438,0.6511054056619999,0.7352914473070848,0.34975369458128047,0.4,0.4059999999999988,0.5932638221021563,farm27_results,4
0.30677688888888893,0.1865953720388611,-0.009817,0.59913,0.608947,0.0850812525093,-1.065714974610809,0.59913,0.16499999999999915,0.42857142857142855,1,0.3689999999999998,-0.13278844537503448,3.1722265236831437,4.518252649145368,0.12914605500000031,0.9444444444444444,0.32540005882352946,-0.009817,0.0,2.008183354287792,3.9663907539091956,2.4531024531024657,0.9879017201128107,1.36022682984,0.960511233768,0.5861182057423945,0.5220779220779261,0.5,0.384999999999998,0.5991296917731495,farm27_results,5
0.4022071666666666,0.20922232766877175,0.006003,0.718662,0.712659,-0.30215292750033135,-1.0028289501377257,0.718662,0.15400000000000347,0.4610778443113832,0,-1.0,-0.7025352920995448,4.403893160143943,5.394046177944979,0.14411616850000042,1.0,0.4022071666666666,0.0,0.0,2.217570701177175,4.299549799850989,2.827677977378549,0.9560392132795315,2.060388162737,1.6394144088999998,0.5568913807812639,0.6017964071856245,0.6,0.3340000000000032,0.7186617650168952,farm27_results,6
0.382649625,0.24524034034082642,-0.032102,0.785921,0.818023,-0.25186858047284016,-1.295692176879721,0.785921,0.08000000000000007,0.22160664819944606,1,0.32799999999999985,-1.3430452036384124,3.6422971119289023,5.645348012820508,0.155336253,0.9375,0.4102997333333333,-0.032102,0.0,4.050521784819636,5.860559318245538,10.387811634349024,0.776399624896744,1.9910948406709998,1.313922120019,0.6024461793549502,0.537396121883656,0.1,0.3610000000000002,0.7859210046677834,farm2_results,1
0.41738011111111106,0.2069525110024275,0.004299,0.655292,0.6509929999999999,-0.6961207443830832,-0.9834029281145216,0.655292,0.17100000000000115,0.4160583941605854,0,-1.0,0.5683780138857168,4.498727996032924,9.276344658317715,0.17429942900000048,1.0,0.41738011111111106,0.0,0.0,2.9589275668399657,4.795660885681292,6.893755068937526,0.5471575666440557,2.167800250151,1.738838731153,0.5549016073728442,0.540145985401457,0.2,0.41100000000000136,0.6552924903444813,farm2_results,2
0.32534884,0.1608567846279864,-0.111689,0.494214,0.605903,-0.9521316445308333,0.15619300313931328,0.494214,0.3069999999999986,0.647679324894514,1,0.4369999999999994,-0.2957730309885608,3.358724106656242,5.101812499999995,0.15582408250000004,0.96,0.34355874999999997,-0.111689,0.0,3.4270582434348587,5.879848640804946,8.101265822784837,0.6369380828515986,1.5144564338420001,1.778712887413,0.4598780949607696,0.7088607594936739,0.3,0.4739999999999984,0.40021753041861285,farm2_results,3
0.2339584705882353,0.12068375983834662,0.029609,0.418249,0.38864,0.0746669493440811,-1.1875863768173742,0.418249,0.09799999999999898,0.20806794055201477,0,-1.0,-0.5677616003669134,2.811814878116179,6.558823529411972,0.13451106400000024,1.0,0.2339584705882353,0.0,0.0,2.002674660145972,3.2452695665544877,3.9965030598226545,0.5151787425536831,0.9308204678709999,0.24729884155700002,0.7900901550649666,0.5987261146496815,0.4,0.4710000000000001,0.41824866847790204,farm2_results,4
0.38587083333333333,0.1688580854780296,0.004264,0.609483,0.605219,-0.7522238541003679,-0.3853045492344469,0.609483,0.27199999999999847,0.6310904872389742,0,-1.0,0.12186350444719023,4.129120866759992,9.4437446106827,0.16831766349999952,1.0,0.38587083333333333,0.0,0.0,2.3164646663957,4.246990057252173,4.447022428460933,0.8980614510103606,2.3605866251179997,1.89723784805,0.5544114465013689,0.6751740139211131,0.5,0.43100000000000094,0.6094831833056357,farm2_results,5
0.3346634545454545,0.17080997383661797,-0.044251,0.551639,0.59589,-0.5355026046162148,-0.7576203269642066,0.551639,0.240000000000002,0.5321507760532189,1,0.4350000000000023,-0.38761652268891783,3.6038477442021843,9.25994117646895,0.16522969850000038,0.9545454545454546,0.35270699999999994,-0.044251,0.0,2.593344267202506,4.771996847400777,6.3495263051804,0.9354754760493451,1.949939487017,1.155925362331,0.627824963931171,0.6563192904656298,0.6,0.4510000000000005,0.5516390237488998,farm2_results,6
0.21868378947368422,0.1671949269970074,-0.00329,0.526607,0.5298970000000001,0.474814439924311,-1.217451945281706,0.526607,0.2320000000000011,0.44359464627151285,1,0.5069999999999997,-1.0766666571492542,2.2597557947592057,3.123077922077976,0.13139207849999984,0.9473684210526315,0.23101566666666665,-0.00329,0.0,2.546238301345386,3.876178140552015,5.4342356848143325,0.9340597351715798,0.9398696714910001,0.4998884529589999,0.6527969216010074,0.34608030592734085,0.1,0.5229999999999997,0.5266069245773706,farm3_results,1
0.27991341666666664,0.1489075512210839,0.008376,0.51544,0.507064,-0.05062615261643228,-1.0453421819859763,0.51544,0.2560000000000002,0.518218623481782,0,-1.0,-0.3438582513974969,2.018781660223226,3.755377922078,0.1401083954999999,1.0,0.27991341666666664,0.0,0.0,2.1289366116135002,4.048679087574389,5.819838056680165,0.9268300412894672,1.7239699350909998,0.688629576285,0.7145694620935044,0.49190283400809803,0.2,0.4939999999999998,0.515439601221809,farm3_results,2
0.2622570833333333,0.2017579552266603,-0.056941,0.593302,0.650243,0.407836607793069,-1.3142647483431071,0.593302,0.23600000000000065,0.4682539682539683,1,0.48799999999999955,0.22893878899024833,2.468923953605729,4.6096041666662355,0.14156196950000038,0.9583333333333334,0.2761352608695652,-0.056941,0.0,3.0473641044906796,4.977648850881174,7.605820105820086,0.7519458285953128,1.8557242320969998,0.7719169740409999,0.7062319725243112,0.307539682539684,0.3,0.5040000000000013,0.593301521923202,farm3_results,3
0.2293303214285714,0.17483804205342512,0.001134,0.515351,0.514217,0.34812139835479106,-1.3964857066381584,0.515351,0.2120000000000033,0.3725834797891078,0,-1.0,0.10797555934790447,2.1910943815570736,3.978852941176452,0.1328884434999997,1.0,0.2293303214285714,0.0,0.0,1.8903466374783446,3.9216493256342657,3.389404971127275,0.6969114621091046,1.9724047431679999,0.35609590054900003,0.8470707313266782,0.4305799648506086,0.4,0.5690000000000026,0.5153506529468067,farm3_results,4
0.31636472222222217,0.20179312247607714,0.022654,0.597388,0.5747340000000001,-0.03001772591679652,-1.5758380028159633,0.597388,0.21300000000000097,0.6068376068376111,0,-1.0,0.2586513323085321,3.3896673768703995,4.794188388992417,0.11722407850000087,1.0,0.31636472222222217,0.0,0.0,2.0886921282113615,3.9531725908135478,2.6907249129471422,0.9067781433245576,0.943999444714,1.5905283867030002,0.3724557422540632,0.44729344729345866,0.5,0.3509999999999991,0.5973883900225798,farm3_results,5
0.7479698260869567,0.3979417578568887,0.24275,1.538716,1.295966,0.4912441169774704,-1.015199976526977,1.538716,0.0,0.0,0,-1.0,-3.1468497202581065,1.497726627187619,-0.6873571428571427,0.3650646660000001,1.0,0.7479698260869567,0.0,0.0,3.632709541462687,5.559389287637157,9.489302967563837,-0.9857609684426443,14.177316670725999,2.3324629070779994,0.8587223471951256,0.3611111111111111,0.1,0.504,1.53871571212509,farm4_results,1
0.21749604347826088,0.13085755029419627,0.018623,0.438752,0.420129,0.16858973367107247,-1.2955971817819751,0.438752,0.16699999999999982,0.34937238493723827,0,-1.0,-0.054812536824017856,2.1248217567361998,3.8885624999999973,0.10560125350000005,1.0,0.21749604347826088,0.0,0.0,1.5846174891734877,3.426672382341656,2.0010915044569777,0.8071356194226306,1.076314001161,0.4055352289859999,0.7263316532237422,0.4728033472803349,0.2,0.47799999999999976,0.43875156069475635,farm4_results,2
0.26469644000000003,0.14997573409750792,0.026112,0.459568,0.43345599999999995,-0.13448164143651437,-1.4598128886705546,0.459568,0.270999999999999,0.5741525423728798,0,-1.0,-0.004872359147852317,2.1858675261326463,3.558565804597701,0.1321592915000001,1.0,0.26469644000000003,0.0,0.0,1.8655050976268237,3.900013090961328,2.033898305084748,0.9354648129629017,1.154559959177,1.1593631949919998,0.49896210126806806,0.5550847457627134,0.3,0.47199999999999953,0.45956819420062917,farm4_results,3
0.3094134375,0.15647755406166436,0.027175,0.541351,0.5141760000000001,-0.2537814600009702,-1.0350384262246146,0.541351,0.1460000000000008,0.42441860465116366,0,-1.0,-0.24968443174572685,3.147514524976949,6.019823529411955,0.1111914645000007,1.0,0.3094134375,0.0,0.0,2.2214247472257154,4.187971124510336,2.725290697674409,0.8164700790361811,1.488275653185,0.435274750506,0.7737128438793317,0.5843023255813948,0.4,0.3440000000000012,0.5413505141769275,farm4_results,4
0.2455367142857143,0.14107341085377628,0.010029,0.504575,0.494546,0.22568795246823686,-0.9315855735013652,0.504575,0.0,0.0,0,-1.0,-2.3885606373804498,1.7646857027571299,1.8106901913877742,0.07768912899999936,1.0,0.2455367142857143,0.0,0.0,4.71375483417156,6.495897482553248,12.422360248447227,-0.9293039181012277,0.9503070440610001,0.17235275030900002,0.8464782018797433,0.4414715719063482,0.5,0.2989999999999995,0.5045750685357041,farm4_results,5
0.2087650869565218,0.13910974116671593,-0.043766,0.489966,0.533732,0.4171741265722894,-0.7089127874417622,0.489966,0.28599999999999426,0.5437262357414379,1,0.5089999999999932,-0.8346363477209328,2.730835429729814,3.849120348837644,0.1348759104999994,0.9565217391304348,0.22024377272727277,-0.043766,0.0,2.555608058104538,4.27484008869708,5.455447181352329,0.8488961026697223,1.073527152144,0.373963625103,0.7416469721387476,0.4695817490494328,0.6,0.5259999999999962,0.48996599758197734,farm4_results,6
0.4401493888888888,0.19251382743762094,0.01657,0.685475,0.668905,-0.7637596329681939,-0.4983540118834,0.685475,0.19799999999999862,0.5063938618925796,0,-1.0,0.05385994633541418,4.789207301184388,10.254812499999993,0.1916775044999999,1.0,0.4401493888888888,0.0,0.0,1.7658014018696826,3.417848121018403,4.830917874396135,0.9041914314395171,1.9355129610589998,2.2187620882320003,0.46590871766888164,0.7391304347826079,0.1,0.391,0.6854747934090247,farm5_results,1
0.33660505,0.1473435442269104,0.034853,0.593234,0.558381,-0.15009844092789226,-0.6453494394583439,0.593234,0.038000000000000256,0.09895833333333391,0,-1.0,-0.9407683909460358,5.788776673364397,19.24027272727252,0.13521169349999984,1.0,0.33660505,0.0,0.0,3.653608363498438,5.678026295435092,9.895833333333325,0.041119935845037814,1.821001883941,0.8792597102759999,0.6743798037349191,0.6640624999999968,0.2,0.38400000000000034,0.5932340827770693,farm5_results,2
0.3090254,0.14063370875732462,0.005975,0.46947,0.463495,-0.6208072591435104,-0.7587448885289949,0.46947,0.20800000000000196,0.5123152709359624,0,-1.0,-1.8817248645027604,2.015087635239816,3.0775416666665505,0.13273076350000104,1.0,0.3090254,0.0,0.0,3.762967313564784,5.96083010778731,11.699507389162493,0.40685027459811746,1.6477942892550002,0.657696468425,0.7147260442341414,0.6699507389162572,0.3,0.40600000000000236,0.469469932077506,farm5_results,3
0.41021509523809535,0.12144419643249234,0.02726,0.586528,0.5592680000000001,-1.311349464122941,2.443046799171463,0.586528,0.22000000000000242,0.5213270142180144,0,-1.0,-1.0308181774993803,2.509832534191125,3.1932941176471603,0.1746665715000002,1.0,0.41021509523809535,0.0,0.0,3.0325073054802942,5.620512666389927,9.027307605506646,0.7011910437943034,1.865454049671,1.9780734117039998,0.48534947868009887,0.8862559241706204,0.4,0.4220000000000006,0.5865275339304746,farm5_results,4
0.09559326315789474,0.042921906596493545,0.007359,0.183929,0.17657,0.0662626092491407,-0.5709310674094916,0.183929,0.1529999999999987,0.4285714285714257,0,-1.0,-0.4159240760842563,1.2684083104953339,2.467878039215722,0.036271483,1.0,0.09559326315789474,0.0,0.0,3.679048999749488,6.134797900374191,10.614772224679365,0.1837745483881955,0.07339019886800001,0.135236679646,0.3517772944250571,0.5098039215686345,0.5,0.3569999999999993,0.18392850542917713,farm5_results,5
0.3195368,0.10090047652163657,-0.004609,0.455662,0.460271,-2.061715889673751,4.45284401039793,0.455662,0.10199999999999676,0.2286995515695005,1,0.3859999999999957,-0.12020804636137503,2.3760344890795606,4.771996673670221,0.14444285299999918,0.9333333333333333,0.3426900714285715,-0.004609,0.0,2.458946307527481,4.108811540655296,8.370702541106168,0.440826756659736,0.8699449316689999,0.8143251590789999,0.5165115360343716,0.7914798206278097,0.6,0.44599999999999795,0.45566176274070264,farm5_results,6
0.8911000869565219,0.4434004525552115,0.305854,1.728663,1.422809,0.40052287431898165,-1.1265027518957111,1.728663,0.0,0.0,0,-1.0,-3.2833073431488096,1.3498966783463455,-1.058410528200815,0.5317568540000002,1.0,0.8911000869565219,0.0,0.0,3.0519456744921634,4.818455145007601,8.361204013377925,-0.9911748877286001,19.203382650158,3.5818738547439994,0.8427986161150568,0.45279720279720287,0.1,0.572,1.7286632272786515,farm6_results,1
0.21860939285714287,0.142591808637037,0.027035,0.457578,0.430543,0.3023631667346245,-1.3594284097436047,0.457578,0.2270000000000003,0.4068100358422946,0,-1.0,0.07841194317817601,1.8621895343519668,3.4574117647058116,0.12121781050000001,1.0,0.21860939285714287,0.0,0.0,1.8194250318653962,3.9751606304275677,1.7281105990783416,0.7934045004861925,1.4672741319090001,0.4401556030919999,0.7692415112256971,0.4103942652329752,0.2,0.5579999999999998,0.45757753790621014,farm6_results,2
0.09204211764705883,0.05210786928927829,0.008977,0.22991,0.220933,0.8218306454766455,0.5574702561884401,0.22991,0.32500000000000107,0.8666666666666695,0,-1.0,-0.7265844956722558,2.163402954351242,1.3098131418485188,0.03984487799999999,1.0,0.09204211764705883,0.0,0.0,4.122474801454026,5.496694268032285,10.03921568627451,-0.771908168577639,0.051655984507,0.138522700361,0.27161816027308,0.6773333333333321,0.3,0.375,0.22991030794899392,farm6_results,3
0.256754037037037,0.19510412495980692,0.003378,0.574883,0.571505,0.32575814603660774,-1.510138523426704,0.574883,0.14599999999999724,0.24703891708967488,0,-1.0,0.3944538565915394,2.4698523709886158,5.4241176470589965,0.14455394550000047,1.0,0.256754037037037,0.0,0.0,2.2817402593440566,4.213095036955876,4.88813686783232,0.27879742024575244,2.4025065245370003,0.405176363464,0.8556901261194509,0.35871404399323886,0.4,0.5909999999999975,0.5748825974603374,farm6_results,4
0.29853499999999994,0.1368710983336755,0.028905,0.471005,0.4421,-0.45173506152367143,-1.0584689914968,0.471005,0.038000000000000256,0.13286713286713311,0,-1.0,-1.0835880568376406,1.841412743815826,2.1477550837321964,0.07796361350000004,1.0,0.29853499999999994,0.0,0.0,3.5426057721813597,5.89494992030892,9.790209790209744,-0.4636795100636294,1.253163526813,0.36468912994800007,0.7745844601954538,0.5524475524475542,0.5,0.28600000000000136,0.47100540757026343,farm6_results,5
0.26572372727272725,0.14038197035626562,-0.014952,0.469797,0.48474900000000004,-0.3703727618375976,-0.9637171426709945,0.469797,0.26599999999999824,0.5105566218810009,1,0.45699999999999363,-0.12179895056106985,2.5759568077108397,4.534303141711102,0.13741822199999928,0.9545454545454546,0.2790892380952381,-0.014952,0.0,2.1166421084701192,3.890239782596002,5.496422962833778,0.7563118807591047,1.394214222122,0.5927421082879999,0.701683374105313,0.596928982725535,0.6,0.5209999999999937,0.46979687126809777,farm6_results,6
0.3639717894736842,0.13776779767136743,-0.045529,0.531783,0.577312,-1.731434308327029,2.603098762043915,0.531783,0.03399999999999981,0.07606263982102865,1,0.4299999999999997,-0.5262894146734143,3.4768977656063567,8.34182352941203,0.15655323899999993,0.9473684210526315,0.3867218333333333,-0.045529,0.0,2.8971700510761913,4.523897930106181,6.358177322500882,0.14068946137790467,1.6310602798009999,1.246592882749,0.5668022474104052,0.8008948545861289,0.1,0.44700000000000006,0.531783083577254,farm7_results,1
0.30753695454545454,0.13524840432783378,0.038939,0.531143,0.49220400000000003,-0.1367490235942233,-0.8134100245954303,0.531143,0.1399999999999988,0.33492822966506947,0,-1.0,-0.1703510271468811,2.8249484499331965,4.845710338680922,0.13370782649999988,1.0,0.30753695454545454,0.0,0.0,2.4364772302930207,4.993416304965183,4.567203131796441,0.7595451970052448,1.7270567872409999,0.756107617014,0.6955064208723435,0.6267942583732079,0.2,0.41799999999999926,0.5311427493491296,farm7_results,2
0.29972940000000003,0.14202080971350642,0.002884,0.501648,0.498764,-0.6025123021987012,-0.6173119567022529,0.501648,0.047999999999998266,0.0999999999999963,0,-1.0,0.3353712344068889,4.636646383764322,10.585500000001165,0.14835988249999996,1.0,0.29972940000000003,0.0,0.0,3.257320557721918,5.381327785654793,7.999999999999993,0.5155121702813076,1.6724084419640002,1.077782148437,0.608106379172852,0.6874999999999959,0.3,0.4800000000000004,0.5016481264957158,farm7_results,3
0.3796862857142857,0.18348648953770616,0.034325,0.783356,0.749031,-0.016979286888732563,-0.4702335979320935,0.783356,0.0519999999999996,0.1293532338308456,0,-1.0,-0.6887119989922291,4.776832662287065,12.330530982906701,0.1578500049999994,1.0,0.3796862857142857,0.0,0.0,3.7768774050582854,5.987390160002842,9.476427386875207,0.24142989931031347,2.6604179518130002,1.0739903636370003,0.712406819791589,0.5746268656716407,0.4,0.40199999999999747,0.7833564556901402,farm7_results,4
0.35067328571428574,0.19377481680699643,-0.162019,0.639838,0.801857,-0.8149076419704339,0.17000293788223786,0.639838,0.01600000000000179,0.03874092009685661,1,0.3719999999999999,-0.7440700946951738,6.028345190985735,20.97656249999765,0.14353709750000004,0.9523809523809523,0.37630790000000003,-0.162019,0.0,4.017825672164544,5.827159626098469,11.530035743110796,0.1030751775516811,2.3473938973329997,1.0235351944539999,0.6963640686041833,0.5762711864406765,0.5,0.41300000000000026,0.5729200592316798,farm7_results,5
0.35160674999999997,0.1287505415591361,-0.007157,0.517569,0.5247259999999999,-0.9274128953053794,0.4162811743346446,0.517569,0.06799999999999784,0.1484716157205198,1,0.42600000000000193,-0.17069192382470977,3.055790376720802,8.770849999998628,0.16356938499999982,0.9583333333333334,0.3672051739130434,-0.007157,0.0,2.7254419132127587,5.066826930326793,6.277292576419235,0.8471036711040391,2.3381978028929997,1.0266984034429998,0.6948796216924144,0.7401746724890825,0.6,0.4579999999999984,0.5175692101423575,farm7_results,6
0.34956955,0.14710770970193066,-0.08853,0.629219,0.717749,-1.080681517711125,1.9749878143131738,0.629219,0.040000000000000036,0.07905138339920952,1,0.4640000000000004,0.5512399397226786,4.8510176217650685,13.07826315789465,0.18216202850000007,0.95,0.3726274210526316,-0.08853,0.0,2.942054887236257,4.676846131962161,7.509881422924896,0.7822640442269108,1.9610972919060001,0.9156936789129999,0.6816961370494329,0.7490118577075087,0.1,0.5060000000000002,0.6292187228368702,farm8_results,1
0.30510470833333336,0.14169048792864183,0.026446,0.475716,0.44927,-0.7693804880121083,-0.9007045722104028,0.475716,0.17800000000000082,0.39555555555555644,0,-1.0,-0.2078766894831603,2.5907321166868047,6.830675000000145,0.1443111220000001,1.0,0.30510470833333336,0.0,0.0,2.3320066157563746,4.642445215018993,4.259259259259249,0.9471149279337481,1.4832552176890001,1.23270664031,0.5461252017661974,0.6977777777777763,0.2,0.45000000000000107,0.47571561912118104,farm8_results,2
0.3903645263157895,0.1906462612697769,-0.032907,0.625862,0.658769,-0.6766489671094141,-0.6893606478028325,0.625862,0.13599999999999923,0.3222748815165881,1,0.3769999999999989,0.45809775270300024,3.6130234381871817,8.405940277778562,0.1555551514999995,0.9473684210526315,0.4138796111111111,-0.032907,0.0,2.1700123520216033,3.9632718202499557,4.489897730107289,0.686902746747652,1.658964558699,1.926914187797,0.4626382195215285,0.4881516587677748,0.3,0.42199999999999704,0.6258623195720396,farm8_results,3
0.32668969565217393,0.1632643754540029,0.030348,0.612806,0.5824579999999999,-0.2231566352793161,-0.7676184865408495,0.612806,0.1509999999999998,0.31392931392931245,0,-1.0,1.1648326027015699,6.358545530409197,22.11988235294188,0.17117769750000036,1.0,0.32668969565217393,0.0,0.0,3.1203075487074496,4.830667830202426,7.954442737051406,0.17860836550387382,2.134060321267,0.9337121901000001,0.6956383869272178,0.6777546777546765,0.4,0.48100000000000165,0.6128057178400584,farm8_results,4
0.4314569047619046,0.22390639460421313,0.044754,0.72009,0.675336,-0.36348382054580297,-1.2667609043613386,0.72009,0.16900000000000048,0.4062500000000008,0,-1.0,0.37341558944598985,3.834478915637383,9.803113738737608,0.1873911084999997,1.0,0.4314569047619046,0.0,0.0,2.0437560283963756,4.196863234259603,2.289377289377287,0.9619822829075033,2.681361346677,2.280710471762,0.5403713297161667,0.6081730769230681,0.5,0.41600000000000037,0.7200899369981346,farm8_results,5
0.42803355,0.15122317186313577,0.008007,0.602707,0.5947,-1.3113205602018503,1.1244689281388869,0.602707,0.2709999999999937,0.6346604215456533,0,-1.0,-0.422193815543457,4.176289843643387,9.251270833334347,0.18009456699999946,1.0,0.42803355,0.0,0.0,2.3372106051281674,4.3360264442539584,6.674473067915697,0.7234920420043113,1.9883756058270001,2.133247746852,0.4824253542077256,0.7704918032786907,0.6,0.4269999999999996,0.6027070495094822,farm8_results,6
