tMillis,ax,ay,az,gx,gy,gz
271089,0.054931640625,0.7232666015625,0.7034912109375,0.6713866591453552,-0.1831054538488388,0.30517578125
271106,0.055419921875,0.7232666015625,0.7041015625,0.6103515625,-0.2441406100988388,0.30517578125
271125,0.05419921875,0.7225341796875,0.7039794921875,0.6713866591453552,-0.1831054538488388,0.30517578125
271141,0.0537109375,0.72412109375,0.70361328125,0.6713866591453552,-0.1831054538488388,0.2441406100988388
271162,0.0546875,0.7247314453125,0.704345703125,0.6713866591453552,-0.1831054538488388,0.2441406100988388
271180,0.054931640625,0.723876953125,0.7044677734375,0.6713866591453552,-0.30517578125,0.30517578125
271201,0.0546875,0.7230224609375,0.704833984375,0.7324218153953552,-0.2441406100988388,0.3662109076976776
271220,0.0555419921875,0.722900390625,0.705078125,0.6713866591453552,-0.1831054538488388,0.30517578125
271234,0.05517578125,0.724853515625,0.70458984375,0.6713866591453552,-0.1831054538488388,0.2441406100988388
271252,0.054931640625,0.723876953125,0.7042236328125,0.6713866591453552,-0.1831054538488388,0.2441406100988388
271267,0.05419921875,0.7222900390625,0.70361328125,0.6713866591453552,-0.1831054538488388,0.30517578125
271279,0.054443359375,0.722900390625,0.7034912109375,0.6713866591453552,-0.1831054538488388,0.30517578125
271313,0.0538330078125,0.722900390625,0.7042236328125,0.7324218153953552,-0.0610351525247097,0.2441406100988388
271332,0.0552978515625,0.72314453125,0.70361328125,0.6103515625,-0.1220703050494194,0.2441406100988388
271351,0.0557861328125,0.7236328125,0.705078125,0.6103515625,-0.1831054538488388,0.2441406100988388
271370,0.0548095703125,0.7235107421875,0.704833984375,0.6713866591453552,-0.2441406100988388,0.30517578125
271389,0.0555419921875,0.7242431640625,0.7042236328125,0.6713866591453552,-0.1831054538488388,0.2441406100988388
271408,0.0556640625,0.7235107421875,0.7041015625,0.6713866591453552,-0.1220703050494194,0.2441406100988388
271431,0.054931640625,0.7235107421875,0.7047119140625,0.6713866591453552,-0.1831054538488388,0.30517578125
271448,0.0546875,0.7239990234375,0.7052001953125,0.7324218153953552,-0.1831054538488388,0.30517578125
271465,0.0540771484375,0.7232666015625,0.70458984375,0.7324218153953552,-0.1831054538488388,0.30517578125
271482,0.0545654296875,0.7232666015625,0.7052001953125,0.6713866591453552,-0.1831054538488388,0.30517578125
271502,0.0540771484375,0.72314453125,0.7049560546875,0.7324218153953552,-0.1831054538488388,0.2441406100988388
271520,0.0537109375,0.722900390625,0.704345703125,0.6713866591453552,-0.1831054538488388,0.2441406100988388
271544,0.05517578125,0.72314453125,0.704345703125,0.6713866591453552,-0.1831054538488388,0.2441406100988388
271560,0.0548095703125,0.72509765625,0.7047119140625,0.6713866591453552,-0.1831054538488388,0.2441406100988388
271572,0.054931640625,0.7237548828125,0.70458984375,0.7324218153953552,-0.1831054538488388,0.2441406100988388
271592,0.054931640625,0.7225341796875,0.7042236328125,0.7324218153953552,-0.1831054538488388,0.30517578125
271611,0.0550537109375,0.723876953125,0.7039794921875,0.6713866591453552,-0.2441406100988388,0.2441406100988388
271632,0.0546875,0.723876953125,0.7047119140625,0.7324218153953552,-0.1831054538488388,0.30517578125
271651,0.054931640625,0.7237548828125,0.7042236328125,0.6713866591453552,-0.2441406100988388,0.3662109076976776
271673,0.0543212890625,0.723876953125,0.7027587890625,0.6713866591453552,-0.1831054538488388,0.30517578125
271690,0.0548095703125,0.7237548828125,0.704833984375,0.7324218153953552,-0.1831054538488388,0.30517578125
271702,0.0550537109375,0.7232666015625,0.70556640625,0.7324218153953552,-0.2441406100988388,0.2441406100988388
271722,0.053955078125,0.7227783203125,0.703369140625,0.7324218153953552,-0.2441406100988388,0.2441406100988388
271737,0.0540771484375,0.7227783203125,0.703369140625,0.6103515625,-0.1831054538488388,0.2441406100988388
271754,0.054931640625,0.7227783203125,0.7042236328125,0.6713866591453552,-0.1831054538488388,0.3662109076976776
271770,0.054931640625,0.7237548828125,0.7041015625,0.7324218153953552,-0.1831054538488388,0.30517578125
271785,0.0550537109375,0.7232666015625,0.7044677734375,0.6713866591453552,-0.1831054538488388,0.2441406100988388
271810,0.0556640625,0.72314453125,0.7042236328125,0.6713866591453552,-0.1831054538488388,0.30517578125
271826,0.055419921875,0.72314453125,0.7039794921875,0.6713866591453552,-0.1831054538488388,0.30517578125
271843,0.0546875,0.7236328125,0.705322265625,0.6713866591453552,-0.1831054538488388,0.2441406100988388
271860,0.0546875,0.7232666015625,0.7044677734375,0.6713866591453552,-0.1831054538488388,0.30517578125
271876,0.05517578125,0.7236328125,0.705078125,0.7324218153953552,-0.2441406100988388,0.30517578125
271895,0.0552978515625,0.7230224609375,0.704833984375,0.6713866591453552,-0.1831054538488388,0.2441406100988388
271914,0.0546875,0.723388671875,0.704833984375,0.6713866591453552,-0.1831054538488388,0.30517578125
271933,0.054443359375,0.72412109375,0.7049560546875,0.6713866591453552,-0.1220703050494194,0.30517578125
271956,0.0550537109375,0.7237548828125,0.703857421875,0.6713866591453552,-0.1220703050494194,0.2441406100988388
271972,0.0548095703125,0.723876953125,0.7047119140625,0.6713866591453552,-0.1220703050494194,0.2441406100988388
271989,0.0545654296875,0.724853515625,0.7047119140625,0.6713866591453552,-0.1831054538488388,0.30517578125
272006,0.054931640625,0.7230224609375,0.70458984375,0.6713866591453552,-0.1831054538488388,0.30517578125
272025,0.054443359375,0.72265625,0.7054443359375,0.6713866591453552,-0.1831054538488388,0.2441406100988388
272045,0.055908203125,0.7244873046875,0.7054443359375,0.7324218153953552,-0.1831054538488388,0.30517578125
272064,0.0552978515625,0.7247314453125,0.70458984375,0.7324218153953552,-0.1831054538488388,0.1831054538488388
272081,0.054443359375,0.722412109375,0.7020263671875,0.6713866591453552,-0.1831054538488388,0.2441406100988388
272103,0.0540771484375,0.7225341796875,0.7034912109375,0.7324218153953552,-0.2441406100988388,0.30517578125
272119,0.0545654296875,0.7237548828125,0.7056884765625,0.7324218153953552,-0.1831054538488388,0.30517578125
272138,0.054931640625,0.7230224609375,0.70458984375,0.6713866591453552,-0.1831054538488388,0.2441406100988388
272156,0.0550537109375,0.72314453125,0.704345703125,0.6713866591453552,-0.1831054538488388,0.2441406100988388
272177,0.0556640625,0.724365234375,0.70361328125,0.6713866591453552,-0.2441406100988388,0.30517578125
272204,0.05419921875,0.72265625,0.7042236328125,0.7324218153953552,-0.1831054538488388,0.30517578125
272215,0.053466796875,0.72314453125,0.7061767578125,0.6713866591453552,-0.1831054538488388,0.30517578125
272232,0.0545654296875,0.72412109375,0.7052001953125,0.6713866591453552,-0.1831054538488388,0.2441406100988388
272251,0.0550537109375,0.72412109375,0.7044677734375,0.7324218153953552,-0.1831054538488388,0.2441406100988388
272270,0.05419921875,0.7232666015625,0.7044677734375,0.7324218153953552,-0.1831054538488388,0.30517578125
272286,0.054443359375,0.7220458984375,0.705078125,0.6713866591453552,-0.1831054538488388,0.30517578125
272305,0.0545654296875,0.7230224609375,0.705322265625,0.7324218153953552,-0.2441406100988388,0.2441406100988388
272324,0.0543212890625,0.72265625,0.7059326171875,0.7324218153953552,-0.1831054538488388,0.2441406100988388
272345,0.0545654296875,0.7232666015625,0.704833984375,0.6713866591453552,-0.1831054538488388,0.2441406100988388
272360,0.055419921875,0.7236328125,0.704833984375,0.6713866591453552,-0.1831054538488388,0.2441406100988388
272394,0.0546875,0.72265625,0.704345703125,0.7934569716453552,-0.1831054538488388,0.30517578125
272414,0.0548095703125,0.7227783203125,0.7039794921875,0.7324218153953552,-0.1831054538488388,0.30517578125
272436,0.0543212890625,0.7237548828125,0.7042236328125,0.7324218153953552,-0.1831054538488388,0.2441406100988388
272452,0.053955078125,0.7242431640625,0.7059326171875,0.6713866591453552,-0.1831054538488388,0.30517578125
272466,0.0545654296875,0.7235107421875,0.7054443359375,0.7324218153953552,-0.1220703050494194,0.30517578125
272516,0.0548095703125,0.7236328125,0.7034912109375,0.7324218153953552,-0.2441406100988388,0.2441406100988388
272597,0.0545654296875,0.7222900390625,0.70361328125,0.6713866591453552,-0.2441406100988388,0.30517578125
272614,0.0546875,0.7237548828125,0.7052001953125,0.6713866591453552,-0.1831054538488388,0.2441406100988388
272631,0.0546875,0.72314453125,0.7047119140625,0.7324218153953552,-0.1831054538488388,0.30517578125
272651,0.053955078125,0.724609375,0.705810546875,0.6713866591453552,-0.1831054538488388,0.30517578125
272668,0.0548095703125,0.72314453125,0.7044677734375,0.6103515625,-0.1831054538488388,0.3662109076976776
272685,0.0546875,0.7225341796875,0.704833984375,0.7324218153953552,-0.1831054538488388,0.3662109076976776
272699,0.0543212890625,0.722900390625,0.705078125,0.6713866591453552,-0.1831054538488388,0.30517578125
272754,0.0548095703125,0.7235107421875,0.70556640625,0.7324218153953552,-0.1220703050494194,0.2441406100988388
272854,0.05517578125,0.722412109375,0.7037353515625,0.6713866591453552,-0.2441406100988388,0.30517578125
272897,0.0557861328125,0.7237548828125,0.7047119140625,0.6713866591453552,-0.1831054538488388,0.30517578125
272909,0.0557861328125,0.7236328125,0.7049560546875,0.6713866591453552,-0.1220703050494194,0.30517578125
272942,0.054443359375,0.722900390625,0.70458984375,0.6713866591453552,-0.2441406100988388,0.3662109076976776
273024,0.054443359375,0.7222900390625,0.704345703125,0.6103515625,-0.2441406100988388,0.3662109076976776
273073,0.053955078125,0.7235107421875,0.70556640625,0.6713866591453552,-0.1831054538488388,0.30517578125
273089,0.054443359375,0.7239990234375,0.7073974609375,0.6713866591453552,-0.1831054538488388,0.3662109076976776
273122,0.0546875,0.724853515625,0.7052001953125,0.6713866591453552,-0.2441406100988388,0.2441406100988388
273154,0.054931640625,0.722900390625,0.7041015625,0.6713866591453552,-0.1831054538488388,0.2441406100988388
273271,0.0537109375,0.7235107421875,0.7060546875,0.7324218153953552,-0.2441406100988388,0.30517578125
273324,0.0545654296875,0.7235107421875,0.7064208984375,0.6103515625,-0.2441406100988388,0.30517578125
273373,0.0546875,0.7215576171875,0.703369140625,0.6713866591453552,-0.1831054538488388,0.2441406100988388
273390,0.0538330078125,0.7237548828125,0.7059326171875,0.6713866591453552,-0.1831054538488388,0.2441406100988388
273422,0.0548095703125,0.7232666015625,0.70458984375,0.7324218153953552,-0.1220703050494194,0.3662109076976776
273456,0.0546875,0.7247314453125,0.705322265625,0.7324218153953552,-0.2441406100988388,0.30517578125
273510,0.0543212890625,0.7247314453125,0.705322265625,0.6713866591453552,-0.1831054538488388,0.30517578125
273572,0.0545654296875,0.723876953125,0.7056884765625,0.7324218153953552,-0.1831054538488388,0.2441406100988388
273675,0.05419921875,0.7242431640625,0.70458984375,0.7324218153953552,-0.1831054538488388,0.30517578125
273692,0.05517578125,0.7244873046875,0.7060546875,0.6713866591453552,-0.1831054538488388,0.30517578125
273729,0.0543212890625,0.7230224609375,0.7047119140625,0.7324218153953552,-0.1831054538488388,0.2441406100988388
273746,0.0552978515625,0.72265625,0.7052001953125,0.7324218153953552,-0.1831054538488388,0.2441406100988388
273763,0.0548095703125,0.7222900390625,0.7044677734375,0.6713866591453552,-0.1831054538488388,0.30517578125
273795,0.0537109375,0.7239990234375,0.7044677734375,0.7324218153953552,-0.1831054538488388,0.30517578125
273915,0.05419921875,0.7235107421875,0.7049560546875,0.7324218153953552,-0.1831054538488388,0.30517578125
273932,0.05419921875,0.7237548828125,0.7059326171875,0.7324218153953552,-0.1831054538488388,0.30517578125
273968,0.0548095703125,0.724853515625,0.7059326171875,0.7324218153953552,-0.1831054538488388,0.30517578125
274001,0.0548095703125,0.7244873046875,0.705078125,0.7324218153953552,-0.1831054538488388,0.30517578125
274033,0.0543212890625,0.7218017578125,0.7041015625,0.7324218153953552,-0.1831054538488388,0.30517578125
274050,0.0550537109375,0.72412109375,0.7052001953125,0.7324218153953552,-0.1831054538488388,0.30517578125
274080,0.053955078125,0.7232666015625,0.703369140625,0.7324218153953552,-0.2441406100988388,0.2441406100988388
274096,0.0543212890625,0.72314453125,0.7047119140625,0.6713866591453552,-0.30517578125,0.2441406100988388
274113,0.0555419921875,0.725341796875,0.706298828125,0.6713866591453552,-0.2441406100988388,0.30517578125
274150,0.0550537109375,0.7230224609375,0.7039794921875,0.7324218153953552,-0.1831054538488388,0.30517578125
274183,0.054443359375,0.7220458984375,0.703125,0.7324218153953552,-0.2441406100988388,0.30517578125
274230,0.0528564453125,0.7242431640625,0.705322265625,0.6103515625,-0.1831054538488388,0.30517578125
274275,0.0555419921875,0.725341796875,0.7061767578125,0.6713866591453552,-0.1831054538488388,0.2441406100988388
274292,0.052978515625,0.7208251953125,0.7030029296875,0.6713866591453552,-0.1831054538488388,0.30517578125
274329,0.056640625,0.7271728515625,0.7081298828125,0.6713866591453552,-0.1831054538488388,0.30517578125
274362,0.05419921875,0.7235107421875,0.7041015625,0.6103515625,-0.1831054538488388,0.2441406100988388
274405,0.05419921875,0.7213134765625,0.70263671875,0.6713866591453552,-0.1831054538488388,0.30517578125
274453,0.053955078125,0.7244873046875,0.7037353515625,0.6103515625,-0.1831054538488388,0.2441406100988388
274502,0.054931640625,0.723388671875,0.7049560546875,0.6713866591453552,-0.2441406100988388,0.2441406100988388
274535,0.0540771484375,0.7166748046875,0.6981201171875,0.6103515625,-0.2441406100988388,0.30517578125
274589,0.0523681640625,0.715087890625,0.69775390625,0.7324218153953552,-0.1220703050494194,0.1831054538488388
274633,0.05712890625,0.7225341796875,0.7030029296875,0.6713866591453552,-0.30517578125,0.30517578125
274650,0.05078125,0.7235107421875,0.705322265625,0.6713866591453552,-0.1831054538488388,0.2441406100988388
274683,0.0560302734375,0.7232666015625,0.7049560546875,0.6713866591453552,-0.1831054538488388,0.2441406100988388
274700,0.05712890625,0.7261962890625,0.706298828125,0.6713866591453552,-0.1831054538488388,0.2441406100988388
274732,0.052978515625,0.72314453125,0.702880859375,0.7324218153953552,-0.1831054538488388,0.2441406100988388
274749,0.05615234375,0.7236328125,0.705078125,0.7324218153953552,-0.1831054538488388,0.2441406100988388
274798,0.05419921875,0.7266845703125,0.706298828125,0.7324218153953552,-0.1831054538488388,0.2441406100988388
274815,0.0550537109375,0.7254638671875,0.705078125,0.7324218153953552,-0.2441406100988388,0.30517578125
274831,0.0545654296875,0.7222900390625,0.703369140625,0.7324218153953552,-0.1220703050494194,0.30517578125
274864,0.05419921875,0.72021484375,0.700927734375,0.6713866591453552,-0.1831054538488388,0.30517578125
274884,0.0550537109375,0.7257080078125,0.7049560546875,0.7324218153953552,-0.1831054538488388,0.2441406100988388
274901,0.0546875,0.7269287109375,0.7076416015625,0.6713866591453552,-0.2441406100988388,0.2441406100988388
274950,0.0535888671875,0.716552734375,0.6971435546875,0.7324218153953552,-0.1831054538488388,0.2441406100988388
275074,0.05517578125,0.7276611328125,0.707275390625,0.6713866591453552,-0.2441406100988388,0.30517578125
275236,0.0548095703125,0.718017578125,0.6988525390625,0.6103515625,-0.1220703050494194,0.2441406100988388
275248,0.05517578125,0.7232666015625,0.7037353515625,0.6713866591453552,-0.1831054538488388,0.30517578125
275281,0.05419921875,0.7235107421875,0.70556640625,0.6713866591453552,-0.2441406100988388,0.2441406100988388
275315,0.054931640625,0.72705078125,0.7073974609375,0.6103515625,-0.1831054538488388,0.2441406100988388
275357,0.0538330078125,0.7232666015625,0.7041015625,0.6713866591453552,-0.1831054538488388,0.2441406100988388
275374,0.0543212890625,0.722412109375,0.703125,0.6713866591453552,-0.2441406100988388,0.2441406100988388
275391,0.054443359375,0.72265625,0.7042236328125,0.6103515625,-0.1831054538488388,0.2441406100988388
275444,0.055908203125,0.720703125,0.702392578125,0.6713866591453552,-0.1220703050494194,0.2441406100988388
275594,0.048095703125,0.705810546875,0.706298828125,1.6479490995407104,0.8544921278953552,-1.0986328125
275611,0.05126953125,0.734619140625,0.7218017578125,1.5869139432907104,2.197265625,-2.50244140625
275643,0.0643310546875,0.70166015625,0.713623046875,-1.2817381620407104,5.554198741912842,-5.859374523162842
275691,0.1253662109375,1.2607421875,1.0810546875,6.591796398162842,0.30517578125,-1.7700194120407104
275713,0.096435546875,1.25732421875,1.1256103515625,11.596678733825684,-1.220703125,-1.3427733182907104
275729,0.0943603515625,1.2156982421875,1.1341552734375,14.770506858825684,-1.03759765625,-0.9155272841453552
275760,0.0843505859375,1.0811767578125,1.07958984375,15.441893577575684,-1.7089842557907104,-1.2817381620407104
275776,0.0748291015625,0.9886474609375,1.017333984375,14.160155296325684,-1.0986328125,-2.563476324081421
275793,0.0789794921875,1.0067138671875,0.99853515625,13.183592796325684,-0.30517578125,-3.356933355331421
275825,0.0821533203125,1.0604248046875,1.0380859375,9.033203125,1.3427733182907104,-3.723144292831421
275863,0.0858154296875,1.0078125,1.0584716796875,10.681151390075684,0.9765624403953552,-4.39453125
275899,0.09619140625,0.99658203125,1.0435791015625,8.85009765625,0.9155272841453552,-4.82177734375
275933,0.0994873046875,0.9609375,1.0052490234375,7.690429210662842,0.7324218153953552,-4.638671875
275957,0.0926513671875,0.9267578125,0.9884033203125,8.30078125,0.4882812201976776,-4.57763671875
275969,0.094970703125,0.9283447265625,0.990478515625,8.544921875,0.1220703050494194,-4.150390625
276001,0.09619140625,0.8648681640625,0.93310546875,9.8876953125,-1.4648436307907104,-2.868652105331421
276018,0.0928955078125,0.7718505859375,0.8489990234375,10.620116233825684,-2.38037109375,-2.38037109375
276039,0.0841064453125,0.671875,0.745849609375,10.864256858825684,-2.563476324081421,-2.13623046875
276055,0.080810546875,0.6180419921875,0.6937255859375,10.437010765075684,-2.50244140625,-1.9531248807907104
276105,0.0550537109375,0.43701171875,0.4910888671875,9.46044921875,-4.2724609375,-0.1220703050494194
276155,0.042724609375,0.316162109375,0.3724365234375,8.85009765625,-5.493163585662842,1.6479490995407104
276254,0.0252685546875,0.186279296875,0.2308349609375,6.835937023162842,-7.141112804412842,3.784179449081421
276271,0.0201416015625,0.17822265625,0.225830078125,6.774901866912842,-7.019042491912842,3.662109136581421
276304,0.0123291015625,0.2005615234375,0.25634765625,6.408690929412842,-6.591796398162842,3.173827886581421
276321,0.0140380859375,0.2412109375,0.301025390625,6.103515148162842,-5.859374523162842,2.624511480331421
276338,0.0211181640625,0.3033447265625,0.3548583984375,5.493163585662842,-4.7607421875,1.6479490995407104
276357,0.0289306640625,0.369384765625,0.41162109375,5.310058116912842,-4.150390625,1.2817381620407104
276374,0.0386962890625,0.5064697265625,0.5513916015625,5.615233898162842,-4.5166015625,1.0986328125
276391,0.038818359375,0.6444091796875,0.6282958984375,6.347655773162842,-4.150390625,1.03759765625
276423,0.056396484375,0.7860107421875,0.7574462890625,8.4228515625,-3.540038824081421,1.3427733182907104
276472,0.0543212890625,0.8095703125,0.8477783203125,10.925292015075684,-4.45556640625,2.563476324081421
276573,0.01904296875,0.45166015625,0.7867431640625,3.601073980331421,-2.807616949081421,3.417968511581421
276614,0.0283203125,0.4810791015625,0.8197021484375,-2.0751953125,-2.13623046875,2.807616949081421
276626,0.027587890625,0.52880859375,0.81005859375,-3.112792730331421,-2.01416015625,2.929687261581421
276659,0.034912109375,0.638916015625,0.8212890625,-5.493163585662842,-1.03759765625,2.990722417831421
276676,0.0361328125,0.6759033203125,0.8170166015625,-5.676269054412842,-1.03759765625,3.234863042831421
276713,0.0311279296875,0.68017578125,0.790771484375,-5.798339366912842,-0.7324218153953552,3.417968511581421
276759,0.024658203125,0.65087890625,0.7755126953125,-5.249022960662842,0.4272460639476776,2.807616949081421
276810,0.030029296875,0.57861328125,0.76318359375,-5.554198741912842,0.9155272841453552,2.3193359375
276867,0.0372314453125,0.619384765625,0.760009765625,-5.798339366912842,2.01416015625,1.0986328125
276916,0.0374755859375,0.6878662109375,0.76513671875,-3.906249761581421,2.38037109375,0.54931640625
276950,0.03857421875,0.72265625,0.75830078125,-1.6479490995407104,2.44140625,1.15966796875
277039,0.04443359375,0.639892578125,0.7845458984375,3.967284917831421,2.990722417831421,1.3427733182907104
277051,0.0445556640625,0.63232421875,0.782470703125,4.82177734375,2.807616949081421,1.4648436307907104
277081,0.0435791015625,0.6314697265625,0.78271484375,5.798339366912842,2.807616949081421,1.220703125
277114,0.0428466796875,0.6571044921875,0.796142578125,6.652831554412842,2.44140625,1.5869139432907104
277224,0.0234375,0.6300048828125,0.8001708984375,7.263183116912842,1.5869139432907104,1.4648436307907104
277273,0.0223388671875,0.6112060546875,0.804443359375,6.530761241912842,1.2817381620407104,1.4648436307907104
277290,0.02001953125,0.6087646484375,0.8040771484375,5.981444835662842,1.15966796875,1.2817381620407104
277323,0.02197265625,0.61865234375,0.80224609375,4.8828125,0.9155272841453552,1.0986328125
277357,0.0228271484375,0.616943359375,0.7923583984375,3.723144292831421,0.9155272841453552,1.03759765625
277459,0.0374755859375,0.6241455078125,0.8128662109375,0.7324218153953552,0.2441406100988388,1.220703125
277476,0.0379638671875,0.62744140625,0.8133544921875,0.1831054538488388,0.1220703050494194,1.15966796875
277493,0.0364990234375,0.63232421875,0.8143310546875,-0.1220703050494194,0.0610351525247097,1.15966796875
277513,0.0369873046875,0.6312255859375,0.810546875,-0.4272460639476776,-0.1831054538488388,1.2817381620407104
277528,0.03515625,0.6214599609375,0.8040771484375,-0.8544921278953552,-0.30517578125,1.4038084745407104
277577,0.0323486328125,0.630615234375,0.797119140625,-1.5869139432907104,-0.6103515625,1.2817381620407104
277693,0.0252685546875,0.62841796875,0.765380859375,-0.1831054538488388,-0.1220703050494194,-0.4882812201976776
277721,0.0177001953125,0.631591796875,0.7691650390625,2.01416015625,-0.4272460639476776,-0.1220703050494194
277770,0.02587890625,0.6251220703125,0.7681884765625,7.446288585662842,0.1220703050494194,-1.5258787870407104
277832,0.0345458984375,0.6546630859375,0.818603515625,15.808104515075684,0.7934569716453552,-2.0751953125
277935,0.0479736328125,0.5093994140625,0.7501220703125,25.024412155151367,0.4882812201976776,-1.0986328125
277952,0.0413818359375,0.494873046875,0.743408203125,25.512693405151367,0.6103515625,-1.0986328125
277989,0.0418701171875,0.5167236328125,0.7301025390625,26.000974655151367,0.54931640625,-0.6713866591453552
278023,0.045166015625,0.53076171875,0.774169921875,27.465818405151367,0.6713866591453552,-0.2441406100988388
278072,0.037109375,0.501953125,0.80712890625,28.991697311401367,0.3662109076976776,-0.1831054538488388
278134,0.0360107421875,0.4871826171875,0.8255615234375,29.846189498901367,0.1220703050494194,-0.1220703050494194
278179,0.0338134765625,0.4478759765625,0.8140869140625,27.893064498901367,-0.0610351525247097,0.30517578125
278196,0.0322265625,0.4185791015625,0.7965087890625,27.221677780151367,-0.0610351525247097,0.2441406100988388
278213,0.0322265625,0.405517578125,0.795654296875,25.451658248901367,0.30517578125,0.0610351525247097
278265,0.034423828125,0.3905029296875,0.7974853515625,19.47021484375,1.0986328125,-0.30517578125
278355,0.03466796875,0.3255615234375,0.7674560546875,14.343260765075684,0.2441406100988388,0.1220703050494194
278372,0.038330078125,0.3333740234375,0.78955078125,12.390135765075684,1.7700194120407104,-0.8544921278953552
278405,0.0430908203125,0.3841552734375,0.8970947265625,9.1552734375,1.7089842557907104,-0.8544921278953552
278438,0.0352783203125,0.3363037109375,0.818603515625,7.202147960662842,0.4882812201976776,-0.3662109076976776
278478,0.0484619140625,0.34912109375,0.8460693359375,3.051757574081421,2.563476324081421,-1.4038084745407104
278495,0.056396484375,0.3829345703125,0.9215087890625,2.3193359375,2.44140625,-1.4648436307907104
278512,0.05712890625,0.4014892578125,0.9412841796875,1.5869139432907104,1.4648436307907104,-1.0986328125
278528,0.0467529296875,0.3812255859375,0.8992919921875,0.9155272841453552,0.1831054538488388,-0.54931640625
278577,0.0440673828125,0.3887939453125,0.8751220703125,-2.868652105331421,2.38037109375,-1.5869139432907104
278599,0.055908203125,0.4390869140625,0.957763671875,-3.051757574081421,2.01416015625,-1.5258787870407104
278616,0.0616455078125,0.449951171875,0.987060546875,-2.929687261581421,1.3427733182907104,-1.03759765625
278633,0.0550537109375,0.4312744140625,0.9488525390625,-2.746581792831421,0.3662109076976776,-0.9765624403953552
278685,0.0560302734375,0.467529296875,0.937255859375,-2.929687261581421,0.4272460639476776,-0.8544921278953552
278715,0.0419921875,0.4354248046875,0.8939208984375,-2.50244140625,0.1831054538488388,-0.7324218153953552
278727,0.0396728515625,0.4202880859375,0.87890625,-2.563476324081421,0.54931640625,-1.0986328125
278759,0.0491943359375,0.4393310546875,0.90283203125,-2.50244140625,1.4648436307907104,-2.01416015625
278775,0.0560302734375,0.4752197265625,0.929443359375,-1.5869139432907104,1.5869139432907104,-2.13623046875
278811,0.0589599609375,0.4971923828125,0.9664306640625,0.30517578125,1.15966796875,-2.01416015625
278829,0.0579833984375,0.501953125,0.9893798828125,0.9765624403953552,1.03759765625,-2.01416015625
278845,0.0535888671875,0.4969482421875,0.9754638671875,2.0751953125,0.4882812201976776,-1.8920897245407104
278895,0.0491943359375,0.447998046875,0.9146728515625,4.57763671875,0.7324218153953552,-2.197265625
278974,0.0633544921875,0.4735107421875,0.961181640625,5.737304210662842,0.0,-1.7700194120407104
279076,0.0657958984375,0.4945068359375,1.0032958984375,5.126952648162842,0.2441406100988388,-1.3427733182907104
279093,0.065673828125,0.48486328125,0.9998779296875,5.187987804412842,0.0610351525247097,-1.0986328125
279110,0.068603515625,0.489013671875,1.009521484375,5.310058116912842,0.1831054538488388,-1.2817381620407104
279129,0.0679931640625,0.4921875,1.0157470703125,5.554198741912842,0.1220703050494194,-1.220703125
279178,0.0723876953125,0.481201171875,1.0084228515625,8.23974609375,0.1220703050494194,-1.4648436307907104
279197,0.0723876953125,0.4705810546875,1.000732421875,8.72802734375,0.2441406100988388,-1.7089842557907104
279234,0.0806884765625,0.4849853515625,1.02099609375,9.8876953125,0.30517578125,-1.9531248807907104
279255,0.089111328125,0.4866943359375,1.02978515625,10.559081077575684,0.1220703050494194,-1.8920897245407104
279271,0.091552734375,0.4703369140625,1.0224609375,10.864256858825684,0.0,-1.8310545682907104
279305,0.0938720703125,0.4630126953125,1.01513671875,10.986327171325684,-0.30517578125,-1.7700194120407104
279372,0.094482421875,0.45751953125,1.0277099609375,12.390135765075684,-1.03759765625,-0.7934569716453552
279676,0.057373046875,0.338623046875,0.9471435546875,10.986327171325684,-1.7089842557907104,1.03759765625
279693,0.054931640625,0.3720703125,1.13134765625,9.765625,-0.4272460639476776,-0.0610351525247097
279727,0.0352783203125,0.3714599609375,0.9261474609375,8.48388671875,-1.7700194120407104,0.0610351525247097
279759,0.053955078125,0.3692626953125,0.9613037109375,11.169432640075684,-1.0986328125,0.30517578125
279915,0.0406494140625,0.30322265625,0.9718017578125,10.131834983825684,-0.6103515625,-0.1220703050494194
279949,0.044677734375,0.3192138671875,0.96533203125,9.521484375,-0.54931640625,-0.1831054538488388
279990,0.0458984375,0.3074951171875,0.9813232421875,9.765625,-0.6103515625,0.0610351525247097
280035,0.0421142578125,0.297607421875,0.9847412109375,8.544921875,-0.6103515625,-0.0610351525247097
280052,0.0439453125,0.2940673828125,0.9732666015625,8.23974609375,-0.6103515625,0.0
280086,0.0450439453125,0.2919921875,0.98583984375,7.019042491912842,-0.54931640625,0.1220703050494194
280154,0.042724609375,0.2802734375,0.9755859375,3.540038824081421,-0.30517578125,0.1831054538488388
280171,0.0440673828125,0.2818603515625,0.9849853515625,2.990722417831421,-0.30517578125,0.2441406100988388
280204,0.04296875,0.2772216796875,0.9840087890625,1.03759765625,-0.0610351525247097,0.2441406100988388
280237,0.0430908203125,0.2806396484375,0.9781494140625,-0.3662109076976776,-0.0610351525247097,0.30517578125
280337,0.0443115234375,0.289794921875,0.9783935546875,-3.173827886581421,-0.0610351525247097,0.4882812201976776
280371,0.0440673828125,0.2950439453125,0.976806640625,-3.723144292831421,0.0,0.4882812201976776
280407,0.0428466796875,0.2952880859375,0.9805908203125,-4.638671875,0.0610351525247097,0.4882812201976776
280574,0.0440673828125,0.3204345703125,0.9696044921875,-7.263183116912842,0.1831054538488388,0.54931640625
280586,0.04443359375,0.3250732421875,0.968505859375,-7.385253429412842,0.1831054538488388,0.6103515625
280619,0.045166015625,0.3287353515625,0.96728515625,-7.263183116912842,0.1220703050494194,0.6713866591453552
280636,0.04443359375,0.329833984375,0.965576171875,-7.141112804412842,0.1220703050494194,0.6103515625
280684,0.0457763671875,0.3360595703125,0.9632568359375,-6.835937023162842,0.0610351525247097,0.6103515625
280754,0.0460205078125,0.3470458984375,0.9593505859375,-6.103515148162842,0.1220703050494194,0.54931640625
280804,0.044921875,0.35205078125,0.9591064453125,-5.371093273162842,0.1220703050494194,0.54931640625
280933,0.04638671875,0.364501953125,0.957275390625,-2.13623046875,-0.1831054538488388,0.3662109076976776
280945,0.046630859375,0.36474609375,0.9547119140625,-1.5869139432907104,-0.1831054538488388,0.3662109076976776
280978,0.045654296875,0.364501953125,0.9552001953125,-0.8544921278953552,-0.1220703050494194,0.3662109076976776
280995,0.0467529296875,0.363525390625,0.9525146484375,-0.2441406100988388,-0.1831054538488388,0.3662109076976776
281044,0.0457763671875,0.36572265625,0.9534912109375,0.8544921278953552,-0.1831054538488388,0.30517578125
281065,0.04638671875,0.365234375,0.9521484375,1.0986328125,-0.1831054538488388,0.30517578125
281077,0.0467529296875,0.362548828125,0.9539794921875,1.5869139432907104,-0.2441406100988388,0.2441406100988388
281094,0.0465087890625,0.3616943359375,0.95263671875,1.7089842557907104,-0.2441406100988388,0.2441406100988388
281145,0.046142578125,0.35986328125,0.9556884765625,2.50244140625,-0.30517578125,0.1831054538488388
281175,0.045654296875,0.3585205078125,0.9581298828125,2.685546636581421,-0.30517578125,0.1831054538488388
281228,0.0465087890625,0.355224609375,0.9580078125,2.868652105331421,-0.2441406100988388,0.1831054538488388
281261,0.045166015625,0.35302734375,0.9593505859375,2.807616949081421,-0.0610351525247097,0.1831054538488388
281293,0.0460205078125,0.352783203125,0.95654296875,2.807616949081421,0.0,0.1220703050494194
281310,0.0462646484375,0.353759765625,0.9576416015625,2.807616949081421,-0.1220703050494194,0.1220703050494194
281343,0.046630859375,0.3494873046875,0.9625244140625,2.746581792831421,-0.0610351525247097,0.1831054538488388
281377,0.04443359375,0.3492431640625,0.96142578125,2.624511480331421,0.4272460639476776,-0.0610351525247097
281494,0.0487060546875,0.355712890625,0.94970703125,5.493163585662842,1.03759765625,-0.3662109076976776
281539,0.06884765625,0.3668212890625,1.0277099609375,6.530761241912842,2.25830078125,-1.0986328125
281556,0.0908203125,0.411865234375,1.166015625,6.958007335662842,1.8310545682907104,-0.7324218153953552
281589,0.092041015625,0.4541015625,1.260498046875,8.6669921875,0.54931640625,-0.4272460639476776
281714,0.0728759765625,0.4259033203125,1.26123046875,8.6669921875,1.8310545682907104,-0.30517578125
281742,0.0804443359375,0.4356689453125,1.2899169921875,10.131834983825684,2.3193359375,-0.4882812201976776
281854,0.073974609375,0.419189453125,1.1702880859375,15.014647483825684,2.44140625,0.0
281899,0.0675048828125,0.4102783203125,1.1661376953125,17.39501953125,2.38037109375,0.30517578125
281916,0.0682373046875,0.4088134765625,1.194580078125,17.822265625,2.38037109375,0.1831054538488388
281933,0.073486328125,0.4178466796875,1.22021484375,18.24951171875,1.8310545682907104,0.1831054538488388
281985,0.076171875,0.337158203125,1.0496826171875,17.63916015625,-0.0610351525247097,0.7934569716453552
282034,0.0662841796875,0.3104248046875,1.0682373046875,16.6015625,-1.8920897245407104,1.15966796875
282135,0.0323486328125,0.189453125,0.7882080078125,11.901854515075684,-4.94384765625,1.9531248807907104
282152,0.0301513671875,0.193115234375,0.781982421875,11.291502952575684,-5.371093273162842,1.9531248807907104
282185,0.019775390625,0.17626953125,0.694091796875,11.901854515075684,-6.652831554412842,2.44140625
282218,0.010009765625,0.1478271484375,0.6192626953125,11.413573265075684,-5.798339366912842,2.3193359375
282251,0.0093994140625,0.147705078125,0.623291015625,10.864256858825684,-6.042479991912842,2.50244140625
282297,0.000732421875,0.09423828125,0.5145263671875,9.58251953125,-6.347655773162842,2.44140625
282511,0.0186767578125,0.1405029296875,1.1328125,3.784179449081421,-3.723144292831421,3.540038824081421
282631,0.0355224609375,0.188232421875,0.9339599609375,5.371093273162842,-1.6479490995407104,4.94384765625
282806,0.035400390625,0.197021484375,1.0809326171875,-0.30517578125,-0.2441406100988388,4.0283203125
282866,0.02685546875,0.1600341796875,1.0274658203125,1.03759765625,-0.4272460639476776,3.784179449081421
282914,0.016845703125,0.1533203125,0.976318359375,0.7934569716453552,-0.2441406100988388,3.417968511581421
282931,0.0146484375,0.16162109375,0.970703125,0.7324218153953552,-0.1220703050494194,3.295898199081421
282964,0.0107421875,0.161865234375,0.9632568359375,1.0986328125,0.1220703050494194,3.112792730331421
282997,0.005615234375,0.151611328125,0.9664306640625,1.3427733182907104,0.7934569716453552,2.624511480331421
283039,0.0006103515625,0.15478515625,1.002685546875,2.01416015625,1.03759765625,2.01416015625
283056,0.0003662109375,0.1527099609375,1.0045166015625,2.38037109375,1.15966796875,1.7700194120407104
283089,0.005615234375,0.1502685546875,1.0208740234375,2.868652105331421,1.5258787870407104,1.2817381620407104
283153,0.0072021484375,0.1422119140625,1.0152587890625,4.08935546875,1.3427733182907104,0.8544921278953552
283170,0.0107421875,0.147705078125,1.0181884765625,4.08935546875,1.3427733182907104,0.6103515625
283203,0.0157470703125,0.156982421875,1.019287109375,4.21142578125,1.3427733182907104,0.4272460639476776
283275,0.0201416015625,0.136962890625,1.0172119140625,3.601073980331421,0.9155272841453552,0.30517578125
283292,0.019287109375,0.1351318359375,1.0101318359375,3.479003667831421,0.8544921278953552,0.1831054538488388
283325,0.021240234375,0.1483154296875,1.035400390625,3.173827886581421,0.7324218153953552,-0.2441406100988388
283357,0.0196533203125,0.154296875,1.0301513671875,3.112792730331421,0.2441406100988388,-0.2441406100988388
283475,0.0091552734375,0.1431884765625,1.017822265625,2.13623046875,-0.6713866591453552,-0.8544921278953552
283513,0.00537109375,0.13623046875,0.9964599609375,1.7700194120407104,-0.7934569716453552,-1.15966796875
283530,0.005615234375,0.1439208984375,1.0037841796875,1.2817381620407104,-0.6103515625,-1.4038084745407104
283563,0.0064697265625,0.160888671875,1.01171875,0.6713866591453552,-0.6713866591453552,-1.6479490995407104
283597,0.006103515625,0.1612548828125,1.0009765625,0.1831054538488388,-0.6713866591453552,-1.8310545682907104
283699,0.0174560546875,0.170166015625,1.0091552734375,-1.9531248807907104,-0.30517578125,-2.197265625
283711,0.017578125,0.165283203125,1.001220703125,-2.38037109375,-0.1220703050494194,-2.197265625
283744,0.0213623046875,0.1651611328125,0.998779296875,-2.929687261581421,0.1220703050494194,-2.0751953125
283778,0.028564453125,0.1724853515625,1.020263671875,-3.967284917831421,0.1220703050494194,-1.8920897245407104
283879,0.029052734375,0.156494140625,1.0120849609375,-7.385253429412842,0.3662109076976776,-1.5258787870407104
283891,0.028076171875,0.156982421875,1.015380859375,-7.995604991912842,0.54931640625,-1.4038084745407104
283924,0.0279541015625,0.161865234375,1.0189208984375,-8.4228515625,0.6103515625,-1.3427733182907104
283941,0.0286865234375,0.165283203125,1.021728515625,-8.60595703125,0.54931640625,-1.2817381620407104
283958,0.0286865234375,0.1673583984375,1.022705078125,-8.72802734375,0.4882812201976776,-1.220703125
283975,0.027099609375,0.1719970703125,1.01708984375,-8.9111328125,0.4882812201976776,-1.220703125
283998,0.025634765625,0.18408203125,1.0179443359375,-8.97216796875,0.54931640625,-1.3427733182907104
284030,0.024658203125,0.2047119140625,1.008056640625,-8.544921875,0.4882812201976776,-1.220703125
284082,0.0220947265625,0.2156982421875,0.990478515625,-7.202147960662842,0.54931640625,-1.0986328125
284234,0.029541015625,0.2333984375,1.002685546875,-2.01416015625,0.1220703050494194,-1.0986328125
284251,0.0302734375,0.23291015625,1.0020751953125,-1.2817381620407104,0.0610351525247097,-1.15966796875
284280,0.0328369140625,0.2254638671875,0.9910888671875,-1.15966796875,0.1220703050494194,-1.0986328125
284358,0.0338134765625,0.2169189453125,0.99462890625,-0.3662109076976776,-0.1831054538488388,-0.9765624403953552
284375,0.033203125,0.2139892578125,0.99853515625,-0.2441406100988388,-0.2441406100988388,-1.03759765625
284392,0.0341796875,0.2144775390625,1.01123046875,0.0610351525247097,-0.2441406100988388,-1.0986328125
284411,0.033447265625,0.217529296875,1.020263671875,0.1220703050494194,-0.6103515625,-1.03759765625
284427,0.03271484375,0.2125244140625,1.0164794921875,0.30517578125,-0.9765624403953552,-0.9155272841453552
284460,0.028076171875,0.1993408203125,0.9893798828125,0.1831054538488388,-0.9765624403953552,-0.9765624403953552
284482,0.027587890625,0.1932373046875,0.971923828125,-0.30517578125,-1.03759765625,-0.9765624403953552
284498,0.0302734375,0.1939697265625,0.959228515625,-0.30517578125,-1.03759765625,-0.9765624403953552
284515,0.030029296875,0.1966552734375,0.9356689453125,-0.4882812201976776,-0.9765624403953552,-0.9155272841453552
284581,0.0211181640625,0.193603515625,0.8929443359375,-1.4038084745407104,-0.54931640625,-0.6713866591453552
284628,0.0218505859375,0.204833984375,0.9136962890625,-1.8920897245407104,-1.03759765625,-0.3662109076976776
284834,0.0247802734375,0.20068359375,0.9261474609375,-7.934569835662842,-0.4272460639476776,-1.03759765625
284887,0.024169921875,0.202880859375,0.9073486328125,-9.3994140625,-0.4882812201976776,-1.220703125
284953,0.0291748046875,0.209716796875,0.909423828125,-11.352538108825684,0.30517578125,-1.5869139432907104
285002,0.02880859375,0.2369384765625,0.92236328125,-10.864256858825684,0.1220703050494194,-1.8920897245407104
285019,0.0301513671875,0.234375,0.91650390625,-10.437010765075684,0.54931640625,-2.0751953125
285036,0.0357666015625,0.239013671875,0.9482421875,-10.131834983825684,0.7324218153953552,-2.3193359375
285056,0.0374755859375,0.24267578125,0.9649658203125,-9.8876953125,0.6103515625,-2.38037109375
285073,0.03955078125,0.255859375,0.9747314453125,-8.97216796875,0.3662109076976776,-2.50244140625
285123,0.04052734375,0.2655029296875,0.9281005859375,-6.591796398162842,-0.30517578125,-2.746581792831421
285139,0.0391845703125,0.2813720703125,0.933837890625,-5.920409679412842,-0.1220703050494194,-2.868652105331421
285156,0.042724609375,0.2967529296875,0.9642333984375,-4.8828125,-0.1831054538488388,-2.929687261581421
285172,0.0439453125,0.3079833984375,0.970458984375,-4.0283203125,-0.30517578125,-2.990722417831421
285191,0.046142578125,0.3204345703125,0.989013671875,-2.01416015625,-0.6103515625,-2.868652105331421
285208,0.0428466796875,0.318115234375,0.984130859375,-1.03759765625,-0.7324218153953552,-2.868652105331421
285241,0.0362548828125,0.306884765625,0.94970703125,1.8310545682907104,-0.4882812201976776,-3.051757574081421
285257,0.037353515625,0.3135986328125,0.972900390625,3.356933355331421,-0.30517578125,-3.295898199081421
285273,0.03857421875,0.317626953125,0.9910888671875,4.0283203125,-0.30517578125,-3.356933355331421
285311,0.0352783203125,0.3507080078125,1.0115966796875,7.751464366912842,-0.8544921278953552,-3.356933355331421
285359,0.036376953125,0.307373046875,0.9404296875,10.375975608825684,-1.15966796875,-3.112792730331421
285392,0.0389404296875,0.3070068359375,0.9835205078125,12.207030296325684,-0.2441406100988388,-3.479003667831421
285434,0.0411376953125,0.3304443359375,1.037353515625,15.747069358825684,-0.9765624403953552,-3.295898199081421
285482,0.03125,0.288330078125,0.9959716796875,17.578125,-0.6713866591453552,-3.112792730331421
285499,0.033447265625,0.2899169921875,1.0057373046875,18.00537109375,-0.4882812201976776,-3.051757574081421
285513,0.036865234375,0.29150390625,1.0218505859375,18.1884765625,-0.30517578125,-2.990722417831421
285535,0.04638671875,0.31005859375,1.0662841796875,19.10400390625,-0.4272460639476776,-2.746581792831421
285551,0.0438232421875,0.30078125,1.0638427734375,19.47021484375,-0.54931640625,-2.563476324081421
285618,0.0335693359375,0.2569580078125,1.049560546875,19.71435546875,-0.4272460639476776,-1.8310545682907104
285731,0.027099609375,0.21923828125,1.0557861328125,16.54052734375,1.4038084745407104,-0.9155272841453552
285748,0.033447265625,0.2188720703125,1.0858154296875,16.17431640625,1.4648436307907104,-0.8544921278953552
285781,0.0357666015625,0.1981201171875,1.0701904296875,14.038084983825684,1.4038084745407104,-0.4272460639476776
285798,0.038330078125,0.19677734375,1.090087890625,13.000487327575684,1.7700194120407104,-0.2441406100988388
285850,0.0452880859375,0.2017822265625,1.1553955078125,11.352538108825684,0.7934569716453552,0.30517578125
285915,0.04248046875,0.187255859375,1.13916015625,8.1787109375,0.2441406100988388,0.6713866591453552
285932,0.0364990234375,0.1680908203125,1.0948486328125,7.629394054412842,0.0,0.7324218153953552
285969,0.042724609375,0.1641845703125,1.0980224609375,4.82177734375,0.4882812201976776,0.54931640625
285986,0.0472412109375,0.1756591796875,1.1226806640625,3.601073980331421,0.4272460639476776,0.54931640625
286016,0.0498046875,0.18115234375,1.1026611328125,2.197265625,0.0,0.9155272841453552
286072,0.0443115234375,0.15234375,1.0350341796875,-0.30517578125,-0.1220703050494194,1.15966796875
286154,0.0435791015625,0.166259765625,1.0479736328125,-4.45556640625,0.1220703050494194,1.3427733182907104
286171,0.0423583984375,0.165771484375,1.020751953125,-4.94384765625,0.1220703050494194,1.4648436307907104
286204,0.040771484375,0.1644287109375,1.0321044921875,-6.225585460662842,0.3662109076976776,1.9531248807907104
286270,0.0924072265625,0.048095703125,1.3046875,8.72802734375,-5.310058116912842,0.0
286349,0.0662841796875,0.174560546875,1.170166015625,4.150390625,-0.9765624403953552,0.0610351525247097
286409,0.0379638671875,0.14599609375,1.1468505859375,4.0283203125,0.1831054538488388,0.30517578125
286471,0.0447998046875,0.1563720703125,1.0814208984375,2.50244140625,-0.4272460639476776,0.0610351525247097
286575,0.0404052734375,0.1397705078125,1.00830078125,0.1831054538488388,-0.6103515625,0.30517578125
286592,0.0396728515625,0.1494140625,1.031005859375,0.1831054538488388,-0.54931640625,0.30517578125
286625,0.0357666015625,0.13427734375,1.0128173828125,-0.1831054538488388,-0.30517578125,0.4272460639476776
286642,0.0394287109375,0.1346435546875,1.01806640625,-0.54931640625,-0.4272460639476776,0.3662109076976776
286658,0.0416259765625,0.1363525390625,1.0107421875,-0.6103515625,-0.4882812201976776,0.3662109076976776
286674,0.040283203125,0.146728515625,1.0159912109375,-0.7324218153953552,-0.30517578125,0.2441406100988388
286696,0.036865234375,0.14990234375,1.0147705078125,-0.54931640625,-0.1831054538488388,0.3662109076976776
286713,0.03857421875,0.1458740234375,1.01025390625,-0.3662109076976776,-0.1220703050494194,0.3662109076976776
286767,0.038818359375,0.1446533203125,1.013671875,-0.2441406100988388,-0.2441406100988388,0.2441406100988388
286938,0.0394287109375,0.148193359375,1.01123046875,1.8310545682907104,-0.2441406100988388,0.2441406100988388
286966,0.0379638671875,0.1500244140625,1.015625,2.3193359375,-0.2441406100988388,0.2441406100988388
286998,0.0389404296875,0.14892578125,1.0118408203125,3.295898199081421,-0.30517578125,0.2441406100988388
287031,0.03857421875,0.1431884765625,1.0166015625,3.662109136581421,-0.3662109076976776,0.1220703050494194
287126,0.03857421875,0.13671875,1.013916015625,4.7607421875,-0.4272460639476776,0.1220703050494194
287238,0.037841796875,0.1260986328125,1.01708984375,4.69970703125,-0.3662109076976776,0.1220703050494194
287255,0.0369873046875,0.1248779296875,1.017578125,4.638671875,-0.30517578125,0.1220703050494194
287272,0.0367431640625,0.122802734375,1.018310546875,4.45556640625,-0.4272460639476776,0.1831054538488388
287323,0.035888671875,0.116455078125,1.017333984375,3.234863042831421,-0.4272460639476776,0.2441406100988388
287358,0.037109375,0.114013671875,1.0189208984375,2.3193359375,-0.30517578125,0.2441406100988388
287375,0.038330078125,0.1116943359375,1.020263671875,2.01416015625,-0.30517578125,0.2441406100988388
287392,0.0374755859375,0.1119384765625,1.021484375,1.5258787870407104,-0.2441406100988388,0.2441406100988388
287412,0.0355224609375,0.113525390625,1.0184326171875,0.9155272841453552,-0.2441406100988388,0.30517578125
287428,0.03662109375,0.1138916015625,1.016845703125,0.4272460639476776,-0.1831054538488388,0.2441406100988388
287461,0.037841796875,0.1121826171875,1.0205078125,-0.4272460639476776,-0.0610351525247097,0.30517578125
287482,0.037353515625,0.1123046875,1.017333984375,-1.03759765625,-0.0610351525247097,0.30517578125
287498,0.0361328125,0.114013671875,1.01953125,-1.5869139432907104,-0.0610351525247097,0.4272460639476776
287515,0.037353515625,0.1158447265625,1.0186767578125,-1.8920897245407104,-0.0610351525247097,0.4272460639476776
287579,0.0367431640625,0.1217041015625,1.01904296875,-3.356933355331421,0.0610351525247097,0.4882812201976776
287601,0.037353515625,0.1236572265625,1.0189208984375,-3.601073980331421,0.1220703050494194,0.4272460639476776
287634,0.0377197265625,0.1298828125,1.016845703125,-3.967284917831421,0.1220703050494194,0.4882812201976776
287655,0.0384521484375,0.1314697265625,1.0164794921875,-4.08935546875,0.1831054538488388,0.4272460639476776
287671,0.038330078125,0.1322021484375,1.0128173828125,-4.0283203125,0.1220703050494194,0.54931640625
287701,0.0367431640625,0.1390380859375,1.015380859375,-3.967284917831421,0.1220703050494194,0.4272460639476776
287723,0.0374755859375,0.1409912109375,1.0162353515625,-3.723144292831421,0.1831054538488388,0.4882812201976776
287739,0.040283203125,0.14306640625,1.0135498046875,-3.540038824081421,0.0610351525247097,0.4272460639476776
287789,0.0364990234375,0.146728515625,1.0130615234375,-2.685546636581421,0.0610351525247097,0.3662109076976776
287854,0.0380859375,0.15087890625,1.0130615234375,-1.220703125,-0.0610351525247097,0.4272460639476776
287959,0.03955078125,0.1524658203125,1.0166015625,1.0986328125,-0.1831054538488388,0.2441406100988388
287976,0.0384521484375,0.150634765625,1.012451171875,1.5258787870407104,-0.2441406100988388,0.30517578125
287993,0.0386962890625,0.150390625,1.01123046875,1.8920897245407104,-0.2441406100988388,0.2441406100988388
288045,0.03857421875,0.146240234375,1.0137939453125,2.746581792831421,-0.1831054538488388,0.1831054538488388
288094,0.03857421875,0.1474609375,1.0128173828125,3.540038824081421,-0.1831054538488388,0.2441406100988388
288139,0.03955078125,0.1409912109375,1.01416015625,4.21142578125,-0.30517578125,0.1831054538488388
288155,0.0386962890625,0.140869140625,1.01513671875,4.45556640625,-0.2441406100988388,0.1220703050494194
288172,0.038818359375,0.1414794921875,1.015869140625,4.69970703125,-0.1831054538488388,0.1220703050494194
288226,0.037841796875,0.1280517578125,1.013427734375,5.126952648162842,0.54931640625,-0.1220703050494194
288335,0.050537109375,0.15380859375,1.2742919921875,1.5869139432907104,2.3193359375,0.0
288437,0.0667724609375,0.155517578125,1.3497314453125,-0.30517578125,-0.9765624403953552,1.220703125
288449,0.0694580078125,0.1630859375,1.3734130859375,-1.15966796875,-0.4882812201976776,1.220703125
288481,0.065673828125,0.1778564453125,1.42578125,-0.6713866591453552,-1.2817381620407104,1.4648436307907104
288513,0.0496826171875,0.19140625,1.4215087890625,1.4038084745407104,-2.685546636581421,1.5258787870407104
288555,0.0360107421875,0.189697265625,1.3128662109375,3.356933355331421,-2.13623046875,1.5258787870407104
288609,0.0283203125,0.1783447265625,1.240966796875,5.0048828125,-1.7700194120407104,1.4038084745407104
288642,0.0372314453125,0.195068359375,1.2786865234375,7.324218273162842,-1.220703125,1.2817381620407104
288674,0.0225830078125,0.1702880859375,1.214111328125,8.6669921875,-2.25830078125,1.2817381620407104
288691,0.013671875,0.1463623046875,1.1126708984375,8.60595703125,-2.25830078125,1.2817381620407104
288724,0.014892578125,0.133544921875,1.0455322265625,7.873534679412842,-0.8544921278953552,1.03759765625
288758,0.02685546875,0.1351318359375,1.0487060546875,8.11767578125,-1.8310545682907104,1.2817381620407104
288793,0.026611328125,0.12158203125,0.951171875,8.30078125,-1.8920897245407104,1.3427733182907104
288809,0.0313720703125,0.1197509765625,0.939453125,8.23974609375,-1.8920897245407104,1.4038084745407104
288839,0.0223388671875,0.1005859375,0.84033203125,8.056640625,-2.929687261581421,1.6479490995407104
288888,0.0198974609375,0.094482421875,0.8072509765625,7.263183116912842,-2.44140625,1.6479490995407104
288920,0.0184326171875,0.0887451171875,0.77734375,7.324218273162842,-2.807616949081421,1.5258787870407104
288937,0.0150146484375,0.087890625,0.7586669921875,7.507323741912842,-2.868652105331421,1.5258787870407104
288954,0.0137939453125,0.092041015625,0.7332763671875,7.446288585662842,-3.112792730331421,1.7089842557907104
289006,0.0025634765625,0.01123046875,0.59228515625,4.7607421875,-2.25830078125,1.8920897245407104
289036,0.019287109375,0.00244140625,0.593994140625,1.5869139432907104,-1.7089842557907104,2.01416015625
289053,0.0263671875,-0.0118408203125,0.6015625,0.2441406100988388,-1.7700194120407104,2.0751953125
289089,0.012451171875,-0.0135498046875,0.57177734375,-3.784179449081421,-1.8310545682907104,1.2817381620407104
289122,0.01611328125,-0.069091796875,0.603759765625,-10.559081077575684,-0.9155272841453552,1.6479490995407104
289154,0.0316162109375,0.0809326171875,0.6962890625,-10.925292015075684,-0.2441406100988388,1.4038084745407104
289171,0.036376953125,0.0538330078125,0.7916259765625,-9.765625,0.0,1.5869139432907104
289204,0.04345703125,0.0777587890625,0.9605712890625,-9.1552734375,-0.4882812201976776,1.8310545682907104
289238,0.044189453125,0.114501953125,1.03955078125,-10.131834983825684,-0.8544921278953552,2.13623046875
289287,0.0347900390625,0.1173095703125,1.0362548828125,-6.286620616912842,-0.54931640625,2.197265625
289333,0.033447265625,0.115966796875,1.0289306640625,-3.356933355331421,-0.4272460639476776,2.0751953125
289349,0.0341796875,0.10791015625,1.0107421875,-2.38037109375,-0.3662109076976776,2.197265625
289415,0.0357666015625,0.1025390625,0.9979248046875,-0.8544921278953552,1.03759765625,1.8920897245407104
289455,0.0289306640625,0.114990234375,0.9892578125,1.4648436307907104,1.03759765625,1.7089842557907104
289472,0.032470703125,0.1287841796875,1.0147705078125,1.8920897245407104,1.220703125,1.7700194120407104
289505,0.027587890625,0.125732421875,1.0201416015625,5.0048828125,0.9155272841453552,1.8310545682907104
289538,0.0262451171875,0.1337890625,1.0377197265625,7.690429210662842,0.9155272841453552,1.7700194120407104
289573,0.024169921875,0.1258544921875,1.0272216796875,9.58251953125,0.30517578125,1.7700194120407104
289584,0.024169921875,0.1279296875,1.0279541015625,10.314940452575684,0.4882812201976776,1.6479490995407104
289632,0.025146484375,0.108642578125,1.02880859375,10.986327171325684,-0.30517578125,1.8310545682907104
289695,0.0262451171875,0.0833740234375,1.01025390625,9.8876953125,-0.9765624403953552,1.7700194120407104
289712,0.016357421875,0.0760498046875,0.9903564453125,9.27734375,-1.0986328125,1.7700194120407104
289749,0.015869140625,0.079345703125,1.0283203125,8.6669921875,-1.15966796875,1.5258787870407104
289766,0.0174560546875,0.0771484375,1.031982421875,8.23974609375,-1.4648436307907104,1.4648436307907104
289782,0.0167236328125,0.07421875,1.0390625,7.751464366912842,-1.4648436307907104,1.3427733182907104
289798,0.0150146484375,0.0753173828125,1.047119140625,7.385253429412842,-1.4648436307907104,1.3427733182907104
289821,0.0106201171875,0.0731201171875,1.0599365234375,6.713866710662842,-1.5869139432907104,1.220703125
289837,0.0101318359375,0.07177734375,1.0654296875,5.615233898162842,-1.7089842557907104,1.0986328125
289849,0.012451171875,0.0718994140625,1.0714111328125,4.8828125,-1.8310545682907104,1.0986328125
289934,-0.0067138671875,0.0528564453125,0.960693359375,-5.798339366912842,-1.3427733182907104,1.03759765625
290175,0.018798828125,0.1168212890625,1.0277099609375,-9.46044921875,1.4038084745407104,-0.4272460639476776
290192,0.0181884765625,0.1165771484375,1.033935546875,-9.33837890625,0.7934569716453552,-0.4272460639476776
290228,0.0174560546875,0.11328125,0.9705810546875,-9.1552734375,1.15966796875,-0.6103515625
290261,0.02392578125,0.1312255859375,1.0242919921875,-8.23974609375,1.15966796875,-0.6713866591453552
290356,0.021240234375,0.1468505859375,1.014892578125,-4.82177734375,0.6103515625,-0.6713866591453552
290373,0.0230712890625,0.150390625,1.02294921875,-4.08935546875,0.7324218153953552,-0.6713866591453552
290390,0.0230712890625,0.1480712890625,1.030029296875,-3.112792730331421,0.6103515625,-0.7324218153953552
290442,0.0211181640625,0.1395263671875,1.0084228515625,-1.4038084745407104,0.3662109076976776,-0.7324218153953552
290536,0.0164794921875,0.1142578125,1.0023193359375,0.54931640625,0.2441406100988388,-0.9155272841453552
290552,0.0157470703125,0.1112060546875,0.993896484375,0.9765624403953552,0.1831054538488388,-1.03759765625
290589,0.023193359375,0.1265869140625,1.02880859375,2.197265625,0.6103515625,-1.220703125
290623,0.0184326171875,0.124267578125,1.0216064453125,3.295898199081421,0.0,-1.220703125
290728,0.024658203125,0.12158203125,1.0213623046875,6.164550304412842,-0.1831054538488388,-1.4038084745407104
290772,0.0225830078125,0.10546875,0.97314453125,6.652831554412842,-0.1220703050494194,-1.4038084745407104
290818,0.02880859375,0.102294921875,0.9683837890625,6.896972179412842,-0.30517578125,-1.2817381620407104
290896,0.0296630859375,0.090576171875,0.928955078125,6.652831554412842,-0.2441406100988388,-1.0986328125
290913,0.030517578125,0.0936279296875,0.937255859375,6.408690929412842,-0.30517578125,-0.9765624403953552
290948,0.0234375,0.0875244140625,0.9095458984375,6.103515148162842,-0.8544921278953552,-0.7324218153953552
291016,0.030029296875,0.07470703125,0.886962890625,3.295898199081421,0.4882812201976776,-0.6103515625
291068,0.0303955078125,0.0953369140625,0.902099609375,2.929687261581421,-0.1831054538488388,-0.30517578125
291101,0.031982421875,0.0849609375,0.9036865234375,1.7700194120407104,1.0986328125,-0.4272460639476776
291146,0.01904296875,0.0748291015625,0.8245849609375,2.01416015625,0.0610351525247097,0.0
291258,0.0284423828125,0.1251220703125,0.994384765625,7.019042491912842,0.3662109076976776,0.0610351525247097
291275,0.02978515625,0.1212158203125,0.986083984375,7.324218273162842,0.4882812201976776,0.0
291292,0.0281982421875,0.10595703125,0.9609375,7.873534679412842,0.30517578125,0.2441406100988388
291345,0.0206298828125,0.068115234375,0.8797607421875,7.446288585662842,1.03759765625,0.2441406100988388
291377,0.0340576171875,0.1060791015625,1.0050048828125,6.835937023162842,2.0751953125,0.0
291394,0.0396728515625,0.115234375,1.0596923828125,7.507323741912842,1.7089842557907104,0.2441406100988388
291411,0.04443359375,0.1156005859375,1.1092529296875,7.934569835662842,0.9765624403953552,0.4882812201976776
291431,0.0386962890625,0.098876953125,1.0283203125,8.7890625,-0.54931640625,0.6713866591453552
291480,0.032958984375,0.0772705078125,0.9892578125,8.7890625,-0.30517578125,1.03759765625
291499,0.0299072265625,0.078125,1.0048828125,9.33837890625,-0.4272460639476776,1.03759765625
291515,0.0281982421875,0.07421875,1.0150146484375,9.6435546875,-0.4882812201976776,1.0986328125
291531,0.02685546875,0.0792236328125,1.052734375,10.314940452575684,-0.54931640625,0.9765624403953552
291617,0.0216064453125,0.05859375,1.047607421875,12.817381858825684,-1.4038084745407104,1.0986328125
291679,0.030029296875,0.0703125,1.1484375,17.88330078125,-3.356933355331421,1.2817381620407104
291696,0.0255126953125,0.054443359375,1.120361328125,19.4091796875,-4.39453125,1.5258787870407104
291713,0.0147705078125,0.0350341796875,1.048828125,20.01953125,-4.21142578125,1.4038084745407104
291732,0.0103759765625,0.021240234375,1.0279541015625,19.8974609375,-4.0283203125,1.4038084745407104
291781,0.005859375,0.0145263671875,1.0634765625,20.080564498901367,-3.479003667831421,1.4038084745407104
291801,0.003173828125,0.0059814453125,1.057861328125,19.6533203125,-3.356933355331421,1.4038084745407104
291817,-0.000244140625,-0.0001220703125,1.0321044921875,19.22607421875,-3.051757574081421,1.4038084745407104
291833,0.001220703125,-0.0091552734375,1.0106201171875,18.37158203125,-2.563476324081421,1.3427733182907104
291885,0.004150390625,-0.0247802734375,1.0260009765625,15.563963890075684,-0.4882812201976776,1.15966796875
291918,0.01025390625,-0.0240478515625,1.0648193359375,14.343260765075684,0.30517578125,1.0986328125
291934,0.0103759765625,-0.021728515625,1.0557861328125,13.488768577575684,0.4272460639476776,1.15966796875
291951,0.0084228515625,-0.0360107421875,1.0152587890625,12.878417015075684,0.54931640625,1.2817381620407104
291971,0.013427734375,-0.0452880859375,1.02099609375,10.925292015075684,1.9531248807907104,1.2817381620407104
291987,0.016357421875,-0.049560546875,1.03369140625,10.192870140075684,2.0751953125,1.3427733182907104
292003,0.019775390625,-0.0494384765625,1.0377197265625,8.85009765625,2.50244140625,1.2817381620407104
292019,0.0234375,-0.04736328125,1.062255859375,7.873534679412842,3.051757574081421,1.2817381620407104
292071,0.03369140625,-0.0577392578125,1.0606689453125,6.225585460662842,2.563476324081421,1.4038084745407104
292154,0.040771484375,-0.06591796875,1.1124267578125,1.8920897245407104,2.624511480331421,1.2817381620407104
292171,0.04052734375,-0.061767578125,1.1224365234375,1.6479490995407104,2.50244140625,1.220703125
292204,0.0367431640625,-0.056396484375,1.1199951171875,0.54931640625,1.9531248807907104,1.0986328125
292396,0.033447265625,-0.046630859375,1.126953125,-3.112792730331421,1.4038084745407104,0.30517578125
292413,0.0345458984375,-0.041748046875,1.09375,-3.173827886581421,1.3427733182907104,0.1831054538488388
292477,0.0423583984375,-0.0447998046875,1.050537109375,-3.356933355331421,1.8310545682907104,-0.0610351525247097
292575,0.045654296875,-0.042236328125,1.007568359375,-3.173827886581421,1.4038084745407104,-0.3662109076976776
292592,0.0755615234375,-0.0843505859375,1.440673828125,-2.563476324081421,1.220703125,-0.54931640625
292625,0.06201171875,-0.0782470703125,1.1605224609375,3.234863042831421,-10.803221702575684,-2.13623046875
292658,0.0137939453125,-0.02734375,0.8037109375,5.432128429412842,-8.48388671875,-2.13623046875
292775,0.0155029296875,-0.0595703125,1.278076171875,6.042479991912842,0.9155272841453552,0.4272460639476776
292879,0.0384521484375,-0.0604248046875,1.09326171875,3.967284917831421,-0.6103515625,0.30517578125
292913,0.0201416015625,-0.078369140625,1.03662109375,3.479003667831421,-0.3662109076976776,0.2441406100988388
292946,0.0318603515625,-0.0526123046875,1.0206298828125,3.540038824081421,-0.4882812201976776,0.0610351525247097
292994,0.0213623046875,-0.0665283203125,1.016357421875,4.7607421875,-0.4882812201976776,0.2441406100988388
293044,0.0274658203125,-0.05859375,1.0228271484375,5.920409679412842,-0.4272460639476776,0.0610351525247097
293255,0.0263671875,-0.0921630859375,1.01953125,7.873534679412842,-0.6103515625,0.0610351525247097
293418,0.0235595703125,-0.1156005859375,1.016357421875,6.042479991912842,-0.4882812201976776,0.0610351525247097
293452,0.0250244140625,-0.119384765625,1.01953125,5.432128429412842,-0.4272460639476776,0.1220703050494194
293485,0.024658203125,-0.1234130859375,1.0184326171875,4.45556640625,-0.2441406100988388,0.1831054538488388
293594,0.0245361328125,-0.126220703125,1.01904296875,2.563476324081421,-0.2441406100988388,0.1831054538488388
293611,0.0257568359375,-0.1246337890625,1.017822265625,2.25830078125,-0.30517578125,0.1831054538488388
293644,0.025390625,-0.127685546875,1.0186767578125,1.7700194120407104,-0.2441406100988388,0.30517578125
293678,0.022216796875,-0.1295166015625,1.0179443359375,0.7934569716453552,-0.1831054538488388,0.2441406100988388
293735,0.0235595703125,-0.1297607421875,1.0198974609375,0.0,-0.1831054538488388,0.3662109076976776
293894,0.023681640625,-0.1181640625,1.0185546875,-2.25830078125,-0.1220703050494194,0.4272460639476776
293911,0.0250244140625,-0.1165771484375,1.0213623046875,-2.38037109375,-0.1220703050494194,0.4272460639476776
293944,0.0260009765625,-0.115234375,1.0201416015625,-2.3193359375,-0.0610351525247097,0.4882812201976776
294017,0.0244140625,-0.111328125,1.021484375,-2.197265625,-0.1220703050494194,0.4272460639476776
294034,0.0247802734375,-0.1103515625,1.0205078125,-2.0751953125,-0.1220703050494194,0.3662109076976776
294051,0.0245361328125,-0.108154296875,1.018798828125,-2.01416015625,-0.0610351525247097,0.4272460639476776
294071,0.0257568359375,-0.1055908203125,1.0205078125,-1.8920897245407104,-0.0610351525247097,0.4882812201976776
294088,0.0257568359375,-0.1060791015625,1.02197265625,-1.5869139432907104,-0.1220703050494194,0.3662109076976776
294105,0.024658203125,-0.102783203125,1.019287109375,-1.5258787870407104,-0.1220703050494194,0.4272460639476776
294126,0.025146484375,-0.1024169921875,1.01904296875,-1.2817381620407104,-0.1220703050494194,0.4272460639476776
294142,0.0263671875,-0.1024169921875,1.020263671875,-0.9155272841453552,-0.1220703050494194,0.3662109076976776
294176,0.0255126953125,-0.1029052734375,1.022216796875,-0.54931640625,-0.1831054538488388,0.3662109076976776
294240,0.0255126953125,-0.0994873046875,1.019775390625,0.6103515625,-0.1831054538488388,0.30517578125
294278,0.024658203125,-0.099853515625,1.0218505859375,1.220703125,-0.1831054538488388,0.2441406100988388
294378,0.0242919921875,-0.1055908203125,1.0198974609375,2.563476324081421,-0.2441406100988388,0.2441406100988388
294395,0.0240478515625,-0.10595703125,1.020263671875,2.624511480331421,-0.30517578125,0.1220703050494194
294412,0.0262451171875,-0.1053466796875,1.019775390625,2.807616949081421,-0.30517578125,0.1831054538488388
294465,0.0247802734375,-0.1077880859375,1.0194091796875,3.051757574081421,-0.2441406100988388,0.1831054538488388
294614,0.0242919921875,-0.1197509765625,1.0191650390625,2.746581792831421,-0.30517578125,0.2441406100988388
294631,0.025634765625,-0.119140625,1.019775390625,2.685546636581421,-0.30517578125,0.2441406100988388
294664,0.0252685546875,-0.118408203125,1.0203857421875,2.38037109375,-0.2441406100988388,0.1831054538488388
294698,0.0252685546875,-0.1220703125,1.01953125,2.197265625,-0.30517578125,0.2441406100988388
294755,0.025146484375,-0.1197509765625,1.0196533203125,1.9531248807907104,-0.2441406100988388,0.2441406100988388
294817,0.0260009765625,-0.12109375,1.0186767578125,1.8310545682907104,-0.1831054538488388,0.2441406100988388
294869,0.0250244140625,-0.1221923828125,1.01806640625,1.7700194120407104,-0.1831054538488388,0.30517578125
294977,0.0257568359375,-0.125,1.018798828125,1.5869139432907104,-0.2441406100988388,0.2441406100988388
295011,0.025634765625,-0.12451171875,1.018310546875,1.5258787870407104,-0.2441406100988388,0.3662109076976776
295094,0.0252685546875,-0.125732421875,1.0189208984375,1.03759765625,-0.1831054538488388,0.30517578125
295111,0.0240478515625,-0.1240234375,1.0198974609375,1.03759765625,-0.1831054538488388,0.30517578125
295144,0.0244140625,-0.1253662109375,1.017578125,1.15966796875,-0.2441406100988388,0.3662109076976776
295214,0.02490234375,-0.125732421875,1.018310546875,1.220703125,-0.1220703050494194,0.2441406100988388
295264,0.0245361328125,-0.1260986328125,1.0196533203125,1.4038084745407104,-0.2441406100988388,0.1831054538488388
295281,0.024169921875,-0.126708984375,1.017333984375,1.5258787870407104,-0.2441406100988388,0.2441406100988388
295298,0.0250244140625,-0.1263427734375,1.0181884765625,1.5258787870407104,-0.1831054538488388,0.2441406100988388
295319,0.0250244140625,-0.1256103515625,1.018798828125,1.5258787870407104,-0.30517578125,0.2441406100988388
295369,0.024658203125,-0.128173828125,1.01806640625,1.7089842557907104,-0.2441406100988388,0.2441406100988388
295473,0.0244140625,-0.13134765625,1.017822265625,1.7700194120407104,-0.2441406100988388,0.2441406100988388
295518,0.023193359375,-0.130859375,1.0172119140625,1.7700194120407104,-0.2441406100988388,0.2441406100988388
295552,0.0244140625,-0.1297607421875,1.01806640625,1.6479490995407104,-0.1831054538488388,0.2441406100988388
295593,0.0245361328125,-0.1331787109375,1.0179443359375,1.7700194120407104,-0.2441406100988388,0.2441406100988388
295815,0.02392578125,-0.1370849609375,1.0167236328125,2.13623046875,-0.1831054538488388,0.30517578125
295832,0.0240478515625,-0.1361083984375,1.0147705078125,2.13623046875,-0.1831054538488388,0.2441406100988388
295868,0.0235595703125,-0.137939453125,1.0179443359375,2.197265625,-0.30517578125,0.2441406100988388
295901,0.0224609375,-0.1375732421875,1.01611328125,2.13623046875,-0.1831054538488388,0.2441406100988388
295945,0.0235595703125,-0.1373291015625,1.0157470703125,2.44140625,-0.1220703050494194,0.2441406100988388
296011,0.0242919921875,-0.1353759765625,1.01806640625,3.417968511581421,-0.2441406100988388,0.1831054538488388
296072,0.0233154296875,-0.142822265625,1.0135498046875,4.45556640625,-0.4272460639476776,0.1831054538488388
296117,0.0233154296875,-0.1456298828125,1.0162353515625,4.8828125,-0.2441406100988388,0.0610351525247097
296134,0.0242919921875,-0.145263671875,1.01416015625,5.065917491912842,-0.3662109076976776,0.0610351525247097
296151,0.0245361328125,-0.1480712890625,1.0155029296875,5.371093273162842,-0.4272460639476776,0.1220703050494194
296204,0.024169921875,-0.15771484375,1.0135498046875,5.615233898162842,-0.2441406100988388,0.1831054538488388
296237,0.0213623046875,-0.157958984375,1.009765625,5.554198741912842,-0.0610351525247097,0.1831054538488388
296254,0.022705078125,-0.154052734375,1.0157470703125,5.554198741912842,0.1831054538488388,0.1220703050494194
296271,0.022216796875,-0.156982421875,1.01123046875,5.737304210662842,0.1220703050494194,0.1831054538488388
296323,0.0224609375,-0.17626953125,1.01611328125,5.0048828125,0.3662109076976776,0.2441406100988388
296355,0.025146484375,-0.1727294921875,1.0203857421875,4.21142578125,0.4272460639476776,0.1831054538488388
296372,0.025390625,-0.173095703125,1.012939453125,3.540038824081421,0.8544921278953552,0.4272460639476776
296405,0.0137939453125,-0.1942138671875,1.0125732421875,1.9531248807907104,1.6479490995407104,0.7324218153953552
296478,0.038818359375,-0.2080078125,1.359130859375,-0.30517578125,3.051757574081421,0.6103515625
296495,0.041015625,-0.2144775390625,1.4300537109375,0.8544921278953552,2.868652105331421,0.6713866591453552
296527,0.052734375,-0.2310791015625,1.3677978515625,2.746581792831421,2.01416015625,0.7324218153953552
296613,0.0501708984375,-0.20458984375,1.2901611328125,-2.01416015625,5.126952648162842,0.9155272841453552
296835,0.05126953125,-0.1585693359375,1.140869140625,-12.939452171325684,1.4038084745407104,-0.2441406100988388
296847,0.051513671875,-0.1512451171875,1.1334228515625,-14.526366233825684,0.7324218153953552,-0.54931640625
296880,0.056884765625,-0.135498046875,1.11474609375,-15.930174827575684,-0.6713866591453552,-0.7934569716453552
296897,0.0546875,-0.1239013671875,1.080078125,-16.845703125,-1.5258787870407104,-0.9155272841453552
296914,0.0513916015625,-0.1199951171875,1.0550537109375,-17.333984375,-1.9531248807907104,-0.9765624403953552
296947,0.04150390625,-0.1002197265625,0.997314453125,-19.34814453125,-2.990722417831421,-1.03759765625
296984,0.0382080078125,-0.07470703125,0.9908447265625,-19.53125,-3.845214605331421,-1.220703125
297020,0.026123046875,-0.0440673828125,0.916015625,-19.04296875,-4.638671875,-1.2817381620407104
297037,0.0184326171875,-0.027099609375,0.8912353515625,-18.61572265625,-4.2724609375,-1.15966796875
297054,0.0155029296875,-0.0198974609375,0.8907470703125,-17.88330078125,-3.845214605331421,-0.9765624403953552
297106,0.011474609375,-0.019287109375,0.814208984375,-14.770506858825684,-3.967284917831421,-0.30517578125
297204,0.0146484375,-0.0692138671875,0.6612548828125,-20.629880905151367,-2.624511480331421,-0.0610351525247097
297374,0.02587890625,0.0203857421875,0.889404296875,-35.82763671875,-2.868652105331421,0.3662109076976776
297423,0.0330810546875,0.0938720703125,1.0355224609375,-33.02001953125,-3.601073980331421,0.8544921278953552
297675,0.0294189453125,0.2286376953125,1.0106201171875,-16.11328125,-1.8310545682907104,0.8544921278953552
297692,0.0234375,0.23974609375,1.0150146484375,-14.648436546325684,-1.8920897245407104,1.03759765625
297725,0.0152587890625,0.20703125,0.9598388671875,-9.82666015625,-1.3427733182907104,1.220703125
297759,0.01611328125,0.2099609375,0.9810791015625,-6.042479991912842,-0.3662109076976776,1.220703125
297794,0.0079345703125,0.1781005859375,0.97998046875,-8.056640625,0.2441406100988388,0.54931640625
297843,0.0086669921875,0.1966552734375,0.9415283203125,-7.690429210662842,1.0986328125,0.54931640625
297917,0.0126953125,0.234375,0.9810791015625,-7.324218273162842,2.50244140625,0.4272460639476776
297929,0.01416015625,0.2279052734375,0.9854736328125,-7.141112804412842,2.44140625,0.6103515625
297959,0.0142822265625,0.2337646484375,0.9864501953125,-7.141112804412842,2.807616949081421,0.54931640625
297975,0.0162353515625,0.24267578125,1.01123046875,-6.469726085662842,3.051757574081421,0.4272460639476776
298008,0.0206298828125,0.239501953125,1.01416015625,-5.920409679412842,2.197265625,0.7324218153953552
298115,0.0150146484375,0.249755859375,1.022705078125,-4.94384765625,1.2817381620407104,0.9155272841453552
298338,0.02001953125,0.2396240234375,0.972412109375,2.13623046875,0.1831054538488388,-0.1220703050494194
298354,0.0196533203125,0.23681640625,0.9620361328125,2.929687261581421,0.2441406100988388,-0.30517578125
298371,0.02099609375,0.23291015625,0.954345703125,3.479003667831421,0.30517578125,-0.30517578125
298423,0.0235595703125,0.2149658203125,0.93505859375,5.615233898162842,0.4882812201976776,-0.6103515625
298450,0.022705078125,0.20751953125,0.93212890625,6.286620616912842,0.4882812201976776,-0.6713866591453552
298467,0.0220947265625,0.2037353515625,0.923828125,6.591796398162842,0.3662109076976776,-0.6713866591453552
298500,0.0203857421875,0.1756591796875,0.860595703125,6.530761241912842,0.3662109076976776,-0.7324218153953552
298517,0.022216796875,0.175048828125,0.8594970703125,6.042479991912842,0.7934569716453552,-0.9155272841453552
298533,0.0255126953125,0.1796875,0.8743896484375,5.798339366912842,1.3427733182907104,-1.15966796875
298566,0.0338134765625,0.2108154296875,0.9486083984375,6.225585460662842,0.8544921278953552,-1.03759765625
298587,0.02734375,0.19775390625,0.90380859375,6.286620616912842,0.2441406100988388,-0.8544921278953552
298603,0.0233154296875,0.1715087890625,0.8404541015625,6.225585460662842,0.4272460639476776,-0.9765624403953552
298618,0.02392578125,0.1668701171875,0.8353271484375,5.615233898162842,1.4038084745407104,-1.4038084745407104
298635,0.03076171875,0.1763916015625,0.8743896484375,5.187987804412842,1.6479490995407104,-1.5258787870407104
298652,0.027099609375,0.17138671875,0.8592529296875,4.21142578125,1.03759765625,-1.5258787870407104
298685,0.02294921875,0.158447265625,0.8021240234375,2.44140625,1.8310545682907104,-1.7089842557907104
298701,0.0311279296875,0.17724609375,0.8492431640625,1.7089842557907104,2.50244140625,-1.9531248807907104
298717,0.0362548828125,0.193115234375,0.8953857421875,0.3662109076976776,2.868652105331421,-2.13623046875
298733,0.0391845703125,0.2237548828125,0.9346923828125,0.0,2.25830078125,-1.8920897245407104
298758,0.03857421875,0.2254638671875,0.927001953125,-0.1220703050494194,1.4648436307907104,-1.5258787870407104
298774,0.03125,0.1959228515625,0.8525390625,-0.4272460639476776,1.4038084745407104,-1.4038084745407104
298791,0.03076171875,0.186767578125,0.841064453125,-1.5869139432907104,2.13623046875,-1.5869139432907104
298810,0.035400390625,0.2047119140625,0.885498046875,-2.807616949081421,2.685546636581421,-1.7700194120407104
298860,0.0400390625,0.2529296875,0.943359375,-1.9531248807907104,0.1220703050494194,-0.7934569716453552
298878,0.0250244140625,0.1932373046875,0.802978515625,-2.25830078125,0.9155272841453552,-0.9765624403953552
298894,0.020751953125,0.168212890625,0.759033203125,-3.295898199081421,1.5869139432907104,-1.03759765625
298911,0.026123046875,0.1796875,0.788330078125,-5.126952648162842,2.990722417831421,-1.5869139432907104
298977,0.050537109375,0.2398681640625,0.896728515625,-4.45556640625,1.6479490995407104,-1.03759765625
299034,0.06201171875,0.288818359375,0.9896240234375,-3.356933355331421,1.4648436307907104,-0.6713866591453552
299077,0.0460205078125,0.2657470703125,0.943603515625,-3.051757574081421,0.6103515625,-0.0610351525247097
299115,0.0533447265625,0.3011474609375,0.9964599609375,-2.746581792831421,0.54931640625,0.0
299131,0.049072265625,0.2979736328125,0.998779296875,-3.112792730331421,0.3662109076976776,0.2441406100988388
299161,0.0445556640625,0.30078125,1.024658203125,-1.5258787870407104,0.2441406100988388,0.3662109076976776
299177,0.0457763671875,0.30859375,1.0341796875,-1.220703125,0.0,0.3662109076976776
299242,0.0411376953125,0.28466796875,1.0111083984375,1.5258787870407104,-0.2441406100988388,0.6713866591453552
299355,0.0472412109375,0.3017578125,1.09375,5.920409679412842,-0.1831054538488388,0.2441406100988388
299367,0.04931640625,0.3035888671875,1.110595703125,6.408690929412842,-0.4882812201976776,0.30517578125
299400,0.0491943359375,0.2757568359375,1.0777587890625,7.446288585662842,-0.2441406100988388,0.0610351525247097
299433,0.0513916015625,0.270751953125,1.0987548828125,7.751464366912842,0.0610351525247097,0.0
299475,0.0469970703125,0.27783203125,1.1263427734375,8.9111328125,0.4882812201976776,-0.30517578125
299492,0.0484619140625,0.2730712890625,1.1180419921875,9.46044921875,0.0610351525247097,-0.1831054538488388
299528,0.050537109375,0.247802734375,1.090087890625,9.765625,1.0986328125,-0.4272460639476776
299544,0.0516357421875,0.2413330078125,1.078125,9.33837890625,0.9155272841453552,-0.4272460639476776
299592,0.0537109375,0.230712890625,1.0733642578125,8.85009765625,1.7700194120407104,-0.54931640625
299913,0.0543212890625,0.2020263671875,1.0096435546875,1.15966796875,0.54931640625,-0.2441406100988388
300034,0.0494384765625,0.1923828125,0.9716796875,-2.197265625,-6.103515148162842,1.2817381620407104
300094,-0.036865234375,0.1884765625,0.76318359375,2.25830078125,4.39453125,-1.03759765625
300136,0.049560546875,0.1483154296875,0.8431396484375,-0.30517578125,-4.5166015625,1.15966796875
300148,0.042236328125,0.2230224609375,0.9398193359375,1.3427733182907104,0.1220703050494194,0.0610351525247097
300178,0.050048828125,0.1976318359375,0.99169921875,0.8544921278953552,-1.6479490995407104,0.8544921278953552
300211,0.0263671875,0.201416015625,1.0909423828125,0.1831054538488388,-0.30517578125,0.1831054538488388
300337,0.041748046875,0.21484375,1.003173828125,2.990722417831421,-0.6103515625,0.1831054538488388
300444,0.0400390625,0.2000732421875,1.00537109375,3.906249761581421,-0.4272460639476776,0.1831054538488388
300555,0.0404052734375,0.1959228515625,1.0047607421875,4.7607421875,-0.3662109076976776,0.1220703050494194
300572,0.041748046875,0.19140625,1.0062255859375,5.0048828125,-0.4272460639476776,0.1831054538488388
300605,0.037841796875,0.189697265625,1.0091552734375,5.676269054412842,-0.3662109076976776,0.0610351525247097
300622,0.0389404296875,0.1885986328125,1.0074462890625,6.042479991912842,-0.3662109076976776,0.1220703050494194
300639,0.0391845703125,0.1842041015625,1.00439453125,6.347655773162842,-0.4882812201976776,0.1220703050494194
300657,0.039306640625,0.18359375,1.010009765625,6.530761241912842,-0.4272460639476776,0.1220703050494194
300706,0.0379638671875,0.1734619140625,1.0113525390625,6.164550304412842,-0.4272460639476776,0.0610351525247097
300757,0.038330078125,0.1693115234375,1.007080078125,5.737304210662842,-0.3662109076976776,0.1220703050494194
300795,0.038818359375,0.1683349609375,1.011474609375,5.615233898162842,-0.30517578125,0.1220703050494194
300811,0.038818359375,0.1646728515625,1.0106201171875,5.554198741912842,-0.3662109076976776,0.1220703050494194
300844,0.03662109375,0.1612548828125,1.010498046875,5.310058116912842,-0.4272460639476776,0.1220703050494194
300861,0.0367431640625,0.1591796875,1.0101318359375,5.126952648162842,-0.4272460639476776,0.1220703050494194
300929,0.0384521484375,0.1553955078125,1.0123291015625,4.33349609375,-0.30517578125,0.1831054538488388
300975,0.0386962890625,0.1494140625,1.01416015625,3.295898199081421,-0.3662109076976776,0.1831054538488388
300992,0.0361328125,0.149169921875,1.0162353515625,3.112792730331421,-0.30517578125,0.2441406100988388
301027,0.037109375,0.1436767578125,1.009765625,1.9531248807907104,-0.2441406100988388,0.1831054538488388
301061,0.0399169921875,0.14453125,1.0174560546875,0.6103515625,-0.2441406100988388,0.3662109076976776
301173,0.0355224609375,0.150634765625,1.015625,-2.44140625,0.0,0.3662109076976776
301349,0.03662109375,0.172607421875,1.008544921875,-2.197265625,0.0,0.3662109076976776
301454,0.0384521484375,0.177734375,1.008544921875,-0.3662109076976776,-0.1220703050494194,0.3662109076976776
301466,0.038330078125,0.177001953125,1.00830078125,0.1220703050494194,-0.1831054538488388,0.30517578125
301499,0.0386962890625,0.1773681640625,1.0069580078125,0.8544921278953552,-0.2441406100988388,0.2441406100988388
301573,0.039794921875,0.172119140625,1.00830078125,2.3193359375,-0.30517578125,0.2441406100988388
301589,0.0404052734375,0.1722412109375,1.0106201171875,2.563476324081421,-0.30517578125,0.1831054538488388
301619,0.03759765625,0.1727294921875,1.0108642578125,3.051757574081421,-0.30517578125,0.2441406100988388
301636,0.0380859375,0.171875,1.0113525390625,3.417968511581421,-0.30517578125,0.2441406100988388
301668,0.0380859375,0.16943359375,1.0108642578125,3.845214605331421,-0.30517578125,0.1831054538488388
301775,0.0384521484375,0.160400390625,1.0120849609375,4.82177734375,-0.3662109076976776,0.1831054538488388
301954,0.0379638671875,0.1444091796875,1.015869140625,4.82177734375,-0.3662109076976776,0.0610351525247097
302134,0.0361328125,0.1331787109375,1.0189208984375,3.662109136581421,-0.30517578125,0.1831054538488388
302196,0.0357666015625,0.1287841796875,1.017578125,3.051757574081421,-0.30517578125,0.1831054538488388
302243,0.03662109375,0.128173828125,1.0159912109375,2.38037109375,-0.2441406100988388,0.2441406100988388
302354,0.0355224609375,0.12841796875,1.017333984375,1.4038084745407104,-0.1831054538488388,0.2441406100988388
302371,0.0350341796875,0.1279296875,1.016845703125,1.3427733182907104,-0.1831054538488388,0.2441406100988388
302404,0.0379638671875,0.1280517578125,1.016357421875,1.220703125,-0.1831054538488388,0.2441406100988388
302438,0.0361328125,0.1287841796875,1.0169677734375,1.03759765625,-0.2441406100988388,0.30517578125
302536,0.0369873046875,0.1275634765625,1.0164794921875,0.6713866591453552,-0.1831054538488388,0.30517578125
302548,0.03662109375,0.126953125,1.017822265625,0.54931640625,-0.1220703050494194,0.3662109076976776
302579,0.037353515625,0.130126953125,1.016845703125,0.4882812201976776,-0.1831054538488388,0.2441406100988388
302611,0.0367431640625,0.1318359375,1.015869140625,0.6713866591453552,-0.1831054538488388,0.30517578125
302670,0.036376953125,0.1292724609375,1.0152587890625,0.9765624403953552,-0.2441406100988388,0.2441406100988388
302778,0.036376953125,0.1326904296875,1.019775390625,1.8920897245407104,-0.1220703050494194,0.30517578125
302795,0.035888671875,0.132080078125,1.021728515625,2.25830078125,-0.1831054538488388,0.30517578125
302812,0.0357666015625,0.1285400390625,1.0130615234375,2.38037109375,-0.2441406100988388,0.30517578125
302862,0.0362548828125,0.1298828125,1.013427734375,2.868652105331421,-0.1831054538488388,0.1831054538488388
302894,0.0364990234375,0.128662109375,1.01513671875,3.295898199081421,-0.2441406100988388,0.2441406100988388
302911,0.0377197265625,0.1256103515625,1.0166015625,3.479003667831421,-0.2441406100988388,0.2441406100988388
302944,0.0364990234375,0.122802734375,1.0208740234375,3.601073980331421,-0.1831054538488388,0.1831054538488388
302978,0.037353515625,0.12353515625,1.017333984375,3.967284917831421,-0.2441406100988388,0.1220703050494194
303136,0.0377197265625,0.11328125,1.022705078125,4.638671875,-0.1220703050494194,0.1831054538488388
303148,0.036376953125,0.112548828125,1.0167236328125,4.82177734375,-0.1831054538488388,0.1831054538488388
303180,0.0330810546875,0.107177734375,1.020263671875,5.0048828125,-0.1831054538488388,0.1831054538488388
303197,0.0389404296875,0.098876953125,1.0177001953125,4.8828125,-0.1220703050494194,0.1831054538488388
303213,0.03955078125,0.0958251953125,1.02001953125,4.69970703125,-0.0610351525247097,0.1831054538488388
303249,0.034423828125,0.09375,1.0213623046875,3.723144292831421,0.3662109076976776,0.1220703050494194
303265,0.035400390625,0.0927734375,1.0167236328125,3.112792730331421,0.7324218153953552,0.1831054538488388
303282,0.0386962890625,0.090576171875,1.02490234375,2.38037109375,1.0986328125,0.0
303299,0.0374755859375,0.088623046875,1.0234375,2.0751953125,1.220703125,0.1831054538488388
303315,0.0372314453125,0.079345703125,1.0340576171875,1.03759765625,1.8310545682907104,0.0610351525247097
303332,0.0367431640625,0.07958984375,1.0257568359375,-0.6103515625,1.5869139432907104,0.1831054538488388
303381,0.0584716796875,0.091064453125,1.170166015625,-5.371093273162842,1.8310545682907104,-0.0610351525247097
303436,0.0810546875,0.146728515625,1.3818359375,-7.141112804412842,1.220703125,0.6103515625
303453,0.07421875,0.1417236328125,1.4083251953125,-8.056640625,0.54931640625,0.4882812201976776
303486,0.0694580078125,0.1402587890625,1.37890625,-10.070799827575684,0.0,0.4882812201976776
303503,0.07177734375,0.15673828125,1.3619384765625,-11.291502952575684,-0.0610351525247097,0.7324218153953552
303519,0.066162109375,0.1617431640625,1.3458251953125,-12.268065452575684,0.4272460639476776,0.7324218153953552
303536,0.0706787109375,0.173095703125,1.3837890625,-12.451170921325684,0.1220703050494194,0.8544921278953552
303609,0.0465087890625,0.2115478515625,1.3621826171875,-10.620116233825684,-0.9765624403953552,1.220703125
303673,0.044189453125,0.224853515625,1.255615234375,-7.995604991912842,-0.7324218153953552,0.7934569716453552
303690,0.04736328125,0.240966796875,1.2779541015625,-7.324218273162842,-0.7324218153953552,0.7324218153953552
303723,0.0418701171875,0.2366943359375,1.2220458984375,-5.126952648162842,-1.5258787870407104,0.7324218153953552
303757,0.040771484375,0.2420654296875,1.206787109375,-2.990722417831421,-1.4038084745407104,0.6103515625
303799,0.0328369140625,0.200927734375,1.060302734375,-0.54931640625,-2.44140625,0.7934569716453552
303827,0.031005859375,0.1917724609375,1.015625,0.6713866591453552,-1.8310545682907104,0.6103515625
303977,0.0166015625,0.103759765625,0.6812744140625,5.615233898162842,-1.15966796875,0.6713866591453552
303994,0.0196533203125,0.093505859375,0.6690673828125,4.39453125,0.0,0.9155272841453552
304011,0.02587890625,0.1258544921875,0.75830078125,3.723144292831421,0.4882812201976776,0.6713866591453552
304065,0.0091552734375,0.115966796875,0.699462890625,6.896972179412842,-2.563476324081421,0.9155272841453552
304097,0.0032958984375,0.07763671875,0.52783203125,5.065917491912842,-1.15966796875,0.8544921278953552
304109,0.002685546875,0.0640869140625,0.47119140625,4.150390625,-0.6713866591453552,0.6103515625
304142,0.014404296875,0.0679931640625,0.52880859375,1.0986328125,0.9765624403953552,0.4272460639476776
304158,0.018798828125,0.0731201171875,0.5562744140625,0.6713866591453552,1.0986328125,0.4882812201976776
304174,0.0250244140625,0.082763671875,0.6329345703125,0.4882812201976776,0.9155272841453552,0.2441406100988388
304212,0.02783203125,0.1092529296875,0.7010498046875,0.7324218153953552,0.9155272841453552,0.2441406100988388
304228,0.0419921875,0.14111328125,0.8006591796875,1.6479490995407104,0.54931640625,0.4272460639476776
304240,0.040771484375,0.1490478515625,0.8575439453125,2.44140625,-0.7934569716453552,0.7324218153953552
304273,0.0306396484375,0.1544189453125,0.9072265625,3.723144292831421,-0.7324218153953552,0.4882812201976776
304410,0.0113525390625,0.0867919921875,0.9344482421875,3.723144292831421,-0.1220703050494194,0.4272460639476776
304454,0.015869140625,0.092041015625,0.955810546875,0.7324218153953552,0.4272460639476776,0.3662109076976776
304471,0.0166015625,0.0980224609375,0.964111328125,-0.9155272841453552,0.54931640625,0.3662109076976776
304521,0.0347900390625,0.118408203125,1.046630859375,-3.540038824081421,0.7934569716453552,0.54931640625
304576,0.041015625,0.137451171875,1.0726318359375,-2.746581792831421,0.30517578125,0.6713866591453552
304593,0.04248046875,0.1436767578125,1.0789794921875,-2.624511480331421,0.30517578125,0.6713866591453552
304629,0.0411376953125,0.1258544921875,1.0355224609375,-2.685546636581421,0.0,0.9765624403953552
304662,0.0430908203125,0.130126953125,1.034912109375,-3.540038824081421,0.2441406100988388,1.03759765625
304711,0.040283203125,0.117919921875,0.9764404296875,-4.57763671875,0.2441406100988388,1.220703125
304765,0.0465087890625,0.1329345703125,0.9798583984375,-5.249022960662842,0.6713866591453552,1.3427733182907104
304814,0.053466796875,0.15087890625,1.027587890625,-4.82177734375,0.6103515625,1.5869139432907104
304831,0.0531005859375,0.1524658203125,1.0267333984375,-4.45556640625,0.1831054538488388,1.7089842557907104
304860,0.05078125,0.156494140625,1.0140380859375,-3.723144292831421,0.2441406100988388,1.7700194120407104
304929,0.04345703125,0.1478271484375,1.003173828125,-0.0610351525247097,0.2441406100988388,1.5869139432907104
304979,0.0384521484375,0.142333984375,0.962158203125,2.13623046875,-0.1831054538488388,1.5258787870407104
304997,0.0389404296875,0.1414794921875,0.9658203125,2.807616949081421,-0.2441406100988388,1.5258787870407104
305014,0.037841796875,0.1304931640625,0.955810546875,3.112792730331421,-0.4272460639476776,1.4648436307907104
305035,0.0369873046875,0.1298828125,0.94921875,3.295898199081421,-0.54931640625,1.4038084745407104
305101,0.033203125,0.1138916015625,0.9019775390625,2.624511480331421,-0.6103515625,1.4038084745407104
305118,0.0284423828125,0.1029052734375,0.8798828125,2.3193359375,-0.2441406100988388,1.15966796875
305135,0.03076171875,0.1075439453125,0.897216796875,1.8310545682907104,0.1831054538488388,0.9155272841453552
305156,0.0340576171875,0.1185302734375,0.922119140625,1.7700194120407104,0.30517578125,0.7934569716453552
305172,0.039794921875,0.1373291015625,0.9686279296875,2.3193359375,-0.30517578125,0.9155272841453552
305222,0.0264892578125,0.100830078125,0.853759765625,2.25830078125,-0.7934569716453552,0.8544921278953552
305237,0.0283203125,0.095703125,0.851318359375,1.3427733182907104,-0.54931640625,0.7324218153953552
305253,0.0323486328125,0.1005859375,0.87060546875,0.9155272841453552,-0.6103515625,0.7324218153953552
305285,0.021240234375,0.092041015625,0.8082275390625,-0.7324218153953552,-1.15966796875,0.9155272841453552
305333,0.03125,0.1348876953125,0.9451904296875,-2.25830078125,-0.30517578125,0.6713866591453552
305354,0.0279541015625,0.143798828125,0.95068359375,-2.13623046875,-1.03759765625,0.8544921278953552
305371,0.022216796875,0.1329345703125,0.9091796875,-1.9531248807907104,-2.01416015625,1.15966796875
305401,0.015625,0.098876953125,0.81689453125,-3.662109136581421,-0.0610351525247097,0.8544921278953552
305417,0.021240234375,0.10791015625,0.8648681640625,-4.82177734375,1.03759765625,0.4882812201976776
305434,0.031494140625,0.14892578125,0.966552734375,-5.065917491912842,1.0986328125,0.3662109076976776
305472,0.0406494140625,0.166748046875,1.0274658203125,-3.967284917831421,-0.8544921278953552,0.7934569716453552
305505,0.029541015625,0.1417236328125,0.915771484375,-4.150390625,-0.30517578125,0.7934569716453552
305540,0.03076171875,0.1580810546875,0.9566650390625,-3.906249761581421,-0.0610351525247097,0.6713866591453552
305552,0.0279541015625,0.157470703125,0.9549560546875,-3.479003667831421,-0.1831054538488388,0.7324218153953552
305585,0.02734375,0.1593017578125,0.939208984375,-2.38037109375,0.2441406100988388,0.4272460639476776
305675,0.0206298828125,0.16943359375,0.92578125,0.6103515625,-0.3662109076976776,1.03759765625
305720,0.026123046875,0.1888427734375,1.003662109375,2.50244140625,0.30517578125,0.6103515625
305753,0.0277099609375,0.1973876953125,1.01416015625,4.57763671875,-0.1831054538488388,0.7324218153953552
305915,0.02197265625,0.1826171875,1.0830078125,13.977049827575684,-1.5869139432907104,-0.2441406100988388
305975,0.009765625,0.1688232421875,1.0765380859375,15.686034202575684,-1.4648436307907104,-0.9765624403953552
306018,0.010986328125,0.1573486328125,1.08984375,15.747069358825684,-0.4272460639476776,-1.0986328125
306035,0.0128173828125,0.151123046875,1.099365234375,15.624999046325684,-0.2441406100988388,-1.2817381620407104
306052,0.0079345703125,0.1397705078125,1.0865478515625,15.686034202575684,0.2441406100988388,-1.4648436307907104
306104,0.0147705078125,0.1182861328125,1.1302490234375,14.953612327575684,1.15966796875,-1.9531248807907104
306134,0.015625,0.1024169921875,1.1171875,13.977049827575684,1.7700194120407104,-2.44140625
306183,0.0267333984375,0.1015625,1.1446533203125,12.023924827575684,2.0751953125,-2.563476324081421
306452,0.197021484375,0.1251220703125,2.3961181640625,0.7934569716453552,-2.624511480331421,-3.356933355331421
306565,0.0133056640625,0.053466796875,0.864990234375,12.451170921325684,0.8544921278953552,-1.0986328125
306625,-0.010009765625,0.0076904296875,0.673095703125,8.36181640625,-1.4648436307907104,0.4272460639476776
306674,0.0572509765625,-0.01611328125,0.930419921875,3.967284917831421,-1.7089842557907104,0.1220703050494194
306724,0.028564453125,0.0263671875,0.9715576171875,3.051757574081421,-0.7934569716453552,0.2441406100988388
306810,0.0294189453125,0.013671875,1.0059814453125,0.9155272841453552,-0.9155272841453552,0.2441406100988388
306912,0.0360107421875,0.0379638671875,1.0321044921875,-3.112792730331421,-0.1220703050494194,0.4272460639476776
306929,0.0352783203125,0.033447265625,1.0213623046875,-3.112792730331421,-0.1831054538488388,0.4882812201976776
306962,0.0302734375,0.0316162109375,1.027099609375,-3.112792730331421,-0.3662109076976776,0.4272460639476776
307043,0.0335693359375,0.0418701171875,1.0291748046875,-2.746581792831421,-0.2441406100988388,0.4272460639476776
307215,0.035400390625,0.0555419921875,1.02734375,2.929687261581421,-0.30517578125,0.2441406100988388
307232,0.032470703125,0.0535888671875,1.025390625,3.173827886581421,-0.30517578125,0.30517578125
307265,0.0313720703125,0.0509033203125,1.02685546875,4.39453125,-0.3662109076976776,0.0610351525247097
307282,0.0343017578125,0.052490234375,1.0260009765625,5.249022960662842,-0.4882812201976776,0.0610351525247097
307299,0.0343017578125,0.0535888671875,1.0240478515625,5.737304210662842,-0.4882812201976776,0.1220703050494194
307316,0.03125,0.0506591796875,1.0238037109375,6.774901866912842,-0.54931640625,0.1831054538488388
307337,0.02978515625,0.0477294921875,1.0240478515625,7.507323741912842,-0.54931640625,0.0
307353,0.0321044921875,0.0411376953125,1.022216796875,7.812499523162842,-0.54931640625,0.0
307370,0.032958984375,0.037353515625,1.0257568359375,8.36181640625,-0.6103515625,-0.0610351525247097
307389,0.0308837890625,0.0350341796875,1.024658203125,8.85009765625,-0.7324218153953552,0.0
307439,0.0322265625,0.0228271484375,1.0255126953125,9.521484375,-0.6713866591453552,-0.0610351525247097
307461,0.029296875,0.0244140625,1.0257568359375,9.82666015625,-0.54931640625,-0.0610351525247097
307477,0.0283203125,0.0189208984375,1.0250244140625,10.131834983825684,-0.6103515625,-0.0610351525247097
307494,0.030029296875,0.01953125,1.0234375,10.314940452575684,-0.6103515625,-0.1220703050494194
307579,0.028076171875,-0.005615234375,1.0252685546875,10.803221702575684,-0.6103515625,-0.0610351525247097
307640,0.0252685546875,-0.0179443359375,1.0245361328125,9.6435546875,-0.54931640625,-0.0610351525247097
307656,0.0316162109375,-0.0184326171875,1.0247802734375,9.1552734375,-0.54931640625,-0.0610351525247097
307673,0.0318603515625,-0.015625,1.02978515625,8.97216796875,-0.54931640625,0.0
307693,0.025146484375,-0.030517578125,1.0250244140625,8.72802734375,-0.54931640625,0.0610351525247097
307710,0.0238037109375,-0.037109375,1.0264892578125,7.873534679412842,-0.4882812201976776,0.0610351525247097
307739,0.0291748046875,-0.0379638671875,1.026611328125,6.042479991912842,-0.4272460639476776,0.0
307759,0.0289306640625,-0.039306640625,1.0325927734375,4.7607421875,-0.3662109076976776,0.1220703050494194
307778,0.02587890625,-0.050048828125,1.0260009765625,3.173827886581421,-0.2441406100988388,0.1831054538488388
307794,0.0321044921875,0.054931640625,1.0262451171875,3.356933355331421,-0.2441406100988388,0.30517578125
307873,0.026123046875,-0.0010986328125,1.0244140625,2.929687261581421,-0.1831054538488388,0.3662109076976776
307935,0.0245361328125,-0.0498046875,1.0263671875,1.4648436307907104,-0.2441406100988388,0.2441406100988388
307952,0.0250244140625,-0.0294189453125,1.0264892578125,0.8544921278953552,-0.2441406100988388,0.0
307985,0.02978515625,-0.0277099609375,1.0264892578125,1.8920897245407104,-0.2441406100988388,0.54931640625
308018,0.0247802734375,-0.05419921875,1.02734375,1.0986328125,-0.1831054538488388,0.30517578125
308135,0.0274658203125,-0.02880859375,1.02490234375,0.54931640625,-0.1831054538488388,0.1220703050494194
308250,0.0260009765625,-0.0242919921875,1.0252685546875,0.9155272841453552,-0.1220703050494194,0.30517578125
308294,0.0283203125,-0.0426025390625,1.02587890625,1.03759765625,-0.1831054538488388,0.30517578125
308340,0.0286865234375,-0.026611328125,1.026611328125,1.2817381620407104,-0.2441406100988388,0.30517578125
308373,0.02734375,-0.0400390625,1.026611328125,1.5258787870407104,-0.2441406100988388,0.30517578125
308431,0.029052734375,-0.02978515625,1.026123046875,1.4648436307907104,-0.1220703050494194,0.2441406100988388
308545,0.028076171875,-0.037109375,1.0255126953125,2.197265625,-0.30517578125,0.30517578125
308608,0.0277099609375,-0.0345458984375,1.025390625,2.01416015625,-0.2441406100988388,0.1831054538488388
308665,0.0274658203125,-0.0450439453125,1.0257568359375,2.0751953125,-0.2441406100988388,0.1831054538488388
308854,0.0286865234375,-0.0462646484375,1.0235595703125,1.7700194120407104,-0.1220703050494194,0.2441406100988388
308899,0.02490234375,-0.0462646484375,1.02587890625,1.5869139432907104,-0.30517578125,0.30517578125
308933,0.029052734375,-0.0479736328125,1.0233154296875,1.3427733182907104,-0.1831054538488388,0.30517578125
309211,0.02734375,-0.048583984375,1.026123046875,0.6103515625,-0.2441406100988388,0.3662109076976776
309435,0.026611328125,-0.0416259765625,1.0228271484375,0.1831054538488388,-0.2441406100988388,0.30517578125
309452,0.028076171875,-0.0419921875,1.0250244140625,0.2441406100988388,-0.1831054538488388,0.2441406100988388
309489,0.026611328125,-0.0435791015625,1.0218505859375,0.4882812201976776,-0.0610351525247097,0.3662109076976776
309523,0.027587890625,-0.04638671875,1.0279541015625,0.54931640625,-0.1220703050494194,0.30517578125
309565,0.02685546875,-0.0435791015625,1.0267333984375,0.3662109076976776,-0.1220703050494194,0.30517578125
309672,0.027587890625,-0.03857421875,1.0230712890625,0.3662109076976776,-0.0610351525247097,0.3662109076976776
309689,0.027587890625,-0.0411376953125,1.0262451171875,0.4882812201976776,-0.1220703050494194,0.3662109076976776
309718,0.02685546875,-0.048095703125,1.0240478515625,0.54931640625,0.0,0.3662109076976776
309767,0.02734375,-0.036865234375,1.0234375,0.30517578125,0.1831054538488388,0.30517578125
309915,0.02978515625,-0.0472412109375,1.025146484375,-1.4648436307907104,0.30517578125,0.4882812201976776
309932,0.0301513671875,-0.0482177734375,1.021728515625,-1.8310545682907104,0.30517578125,0.4272460639476776
309969,0.0240478515625,-0.04833984375,1.0386962890625,-3.234863042831421,1.4038084745407104,0.4882812201976776
309986,0.026611328125,-0.0477294921875,1.03564453125,-3.967284917831421,1.220703125,0.6103515625
310003,0.02685546875,-0.0546875,1.007080078125,-5.0048828125,1.5869139432907104,0.6103515625
310019,0.0281982421875,-0.0438232421875,1.0611572265625,-5.676269054412842,2.13623046875,0.54931640625
310071,0.0235595703125,-0.0272216796875,1.1055908203125,-10.070799827575684,2.44140625,0.54931640625
